Date,adjclose
2001-06-25,0.3684
2001-06-26,0.3647
2001-06-27,0.3584
2001-06-28,0.3615
2001-06-29,0.357
2001-07-02,0.367
2001-07-03,0.3661
2001-07-05,0.3561
2001-07-06,0.3383
2001-07-09,0.3486
2001-07-10,0.3246
2001-07-11,0.3461
2001-07-12,0.3741
2001-07-13,0.3816
2001-07-16,0.3679
2001-07-17,0.3854
2001-07-18,0.3192
2001-07-19,0.3065
2001-07-20,0.3068
2001-07-23,0.3
2001-07-24,0.2931
2001-07-25,0.2836
2001-07-26,0.2855
2001-07-27,0.2911
2001-07-30,0.2907
2001-07-31,0.2885
2001-08-01,0.2927
2001-08-02,0.3043
2001-08-03,0.2994
2001-08-06,0.2937
2001-08-07,0.2956
2001-08-08,0.2902
2001-08-09,0.2925
2001-08-10,0.2921
2001-08-13,0.2931
2001-08-14,0.2876
2001-08-15,0.2832
2001-08-16,0.2864
2001-08-17,0.2775
2001-08-20,0.2782
2001-08-21,0.2752
2001-08-22,0.2796
2001-08-23,0.2735
2001-08-24,0.2851
2001-08-27,0.2905
2001-08-28,0.2825
2001-08-29,0.2738
2001-08-30,0.2738
2001-08-31,0.2848
2001-09-04,0.2802
2001-09-05,0.2848
2001-09-06,0.2721
2001-09-07,0.2653
2001-09-10,0.2667
2001-09-17,0.2609
2001-09-18,0.25
2001-09-19,0.2613
2001-09-20,0.2408
2001-09-21,0.2415
2001-09-24,0.2526
2001-09-25,0.2386
2001-09-26,0.2326
2001-09-27,0.2382
2001-09-28,0.2382
2001-10-01,0.2386
2001-10-02,0.2311
2001-10-03,0.23
2001-10-04,0.2438
2001-10-05,0.2478
2001-10-08,0.2488
2001-10-09,0.2457
2001-10-10,0.2583
2001-10-11,0.2724
2001-10-12,0.2766
2001-10-15,0.2762
2001-10-16,0.2766
2001-10-17,0.2609
2001-10-18,0.2764
2001-10-19,0.281
2001-10-22,0.2921
2001-10-23,0.2785
2001-10-24,0.291
2001-10-25,0.2947
2001-10-26,0.2867
2001-10-29,0.2707
2001-10-30,0.2703
2001-10-31,0.2696
2001-11-01,0.2855
2001-11-02,0.2851
2001-11-05,0.2928
2001-11-06,0.3005
2001-11-07,0.3008
2001-11-08,0.2873
2001-11-09,0.2873
2001-11-12,0.2879
2001-11-13,0.2974
2001-11-14,0.3011
2001-11-15,0.2987
2001-11-16,0.2913
2001-11-19,0.3071
2001-11-20,0.2999
2001-11-21,0.3022
2001-11-23,0.3047
2001-11-26,0.3281
2001-11-27,0.3225
2001-11-28,0.3152
2001-11-29,0.3136
2001-11-30,0.3271
2001-12-03,0.3232
2001-12-04,0.344
2001-12-05,0.3648
2001-12-06,0.3498
2001-12-07,0.3461
2001-12-10,0.3461
2001-12-11,0.3344
2001-12-12,0.33
2001-12-13,0.3225
2001-12-14,0.3131
2001-12-17,0.3166
2001-12-18,0.3226
2001-12-19,0.332
2001-12-20,0.3174
2001-12-21,0.3225
2001-12-24,0.328
2001-12-26,0.33
2001-12-27,0.3389
2001-12-28,0.3444
2001-12-31,0.3363
2002-01-02,0.3578
2002-01-03,0.3621
2002-01-04,0.3638
2002-01-07,0.3516
2002-01-08,0.3472
2002-01-09,0.3324
2002-01-10,0.326
2002-01-11,0.3232
2002-01-14,0.3248
2002-01-15,0.3332
2002-01-16,0.3191
2002-01-17,0.3452
2002-01-18,0.3404
2002-01-22,0.3351
2002-01-23,0.3535
2002-01-24,0.3564
2002-01-25,0.357
2002-01-28,0.3573
2002-01-29,0.3542
2002-01-30,0.3699
2002-01-31,0.3796
2002-02-01,0.3748
2002-02-04,0.3893
2002-02-05,0.3908
2002-02-06,0.3788
2002-02-07,0.3731
2002-02-08,0.369
2002-02-11,0.3836
2002-02-12,0.3794
2002-02-13,0.384
2002-02-14,0.3777
2002-02-15,0.367
2002-02-19,0.3473
2002-02-20,0.3552
2002-02-21,0.3301
2002-02-22,0.3492
2002-02-25,0.3656
2002-02-26,0.3635
2002-02-27,0.3372
2002-02-28,0.3332
2002-03-01,0.3601
2002-03-04,0.373
2002-03-05,0.3613
2002-03-06,0.3696
2002-03-07,0.3744
2002-03-08,0.3787
2002-03-11,0.3848
2002-03-12,0.3796
2002-03-13,0.3761
2002-03-14,0.3751
2002-03-15,0.3831
2002-03-18,0.3799
2002-03-19,0.3816
2002-03-20,0.3827
2002-03-21,0.3727
2002-03-22,0.3699
2002-03-25,0.3585
2002-03-26,0.3602
2002-03-27,0.3604
2002-03-28,0.3635
2002-04-01,0.3756
2002-04-02,0.3696
2002-04-03,0.3647
2002-04-04,0.3823
2002-04-05,0.3799
2002-04-08,0.3771
2002-04-09,0.3701
2002-04-10,0.3787
2002-04-11,0.3817
2002-04-12,0.3848
2002-04-15,0.3839
2002-04-16,0.3952
2002-04-17,0.4009
2002-04-18,0.3902
2002-04-19,0.3836
2002-04-22,0.3767
2002-04-23,0.3724
2002-04-24,0.365
2002-04-25,0.3704
2002-04-26,0.3533
2002-04-29,0.3679
2002-04-30,0.3727
2002-05-01,0.3682
2002-05-02,0.3638
2002-05-03,0.361
2002-05-06,0.3478
2002-05-07,0.345
2002-05-08,0.3742
2002-05-09,0.3714
2002-05-10,0.3581
2002-05-13,0.3676
2002-05-14,0.3933
2002-05-15,0.3882
2002-05-16,0.3871
2002-05-17,0.384
2002-05-20,0.3799
2002-05-21,0.3602
2002-05-22,0.3734
2002-05-23,0.3866
2002-05-24,0.3708
2002-05-28,0.3682
2002-05-29,0.3682
2002-05-30,0.3716
2002-05-31,0.3578
2002-06-03,0.3518
2002-06-04,0.3498
2002-06-05,0.3489
2002-06-06,0.3403
2002-06-07,0.3286
2002-06-10,0.3298
2002-06-11,0.3142
2002-06-12,0.3085
2002-06-13,0.3
2002-06-14,0.3086
2002-06-17,0.3154
2002-06-18,0.3094
2002-06-19,0.2629
2002-06-20,0.2627
2002-06-21,0.2587
2002-06-24,0.2652
2002-06-25,0.2632
2002-06-26,0.2541
2002-06-27,0.262
2002-06-28,0.2721
2002-07-01,0.262
2002-07-02,0.2601
2002-07-03,0.2695
2002-07-05,0.2878
2002-07-08,0.2766
2002-07-09,0.2692
2002-07-10,0.266
2002-07-11,0.281
2002-07-12,0.2689
2002-07-15,0.2799
2002-07-16,0.2742
2002-07-17,0.24
2002-07-18,0.2302
2002-07-19,0.2297
2002-07-22,0.2291
2002-07-23,0.2222
2002-07-24,0.2334
2002-07-25,0.2205
2002-07-26,0.2202
2002-07-29,0.2306
2002-07-30,0.2369
2002-07-31,0.2343
2002-08-01,0.2273
2002-08-02,0.2219
2002-08-05,0.2148
2002-08-06,0.2263
2002-08-07,0.2308
2002-08-08,0.2349
2002-08-09,0.2303
2002-08-12,0.2302
2002-08-13,0.224
2002-08-14,0.2329
2002-08-15,0.2397
2002-08-16,0.2428
2002-08-19,0.2454
2002-08-20,0.2443
2002-08-21,0.2475
2002-08-22,0.2452
2002-08-23,0.2415
2002-08-26,0.2385
2002-08-27,0.228
2002-08-28,0.2257
2002-08-29,0.2257
2002-08-30,0.2265
2002-09-03,0.2157
2002-09-04,0.2223
2002-09-05,0.2177
2002-09-06,0.2208
2002-09-09,0.2207
2002-09-10,0.22
2002-09-11,0.2194
2002-09-12,0.2171
2002-09-13,0.2176
2002-09-16,0.2227
2002-09-17,0.2273
2002-09-18,0.2306
2002-09-19,0.2239
2002-09-20,0.2283
2002-09-23,0.228
2002-09-24,0.2248
2002-09-25,0.2293
2002-09-26,0.2257
2002-09-27,0.226
2002-09-30,0.2227
2002-10-01,0.2228
2002-10-02,0.2176
2002-10-03,0.2196
2002-10-04,0.2154
2002-10-07,0.2114
2002-10-08,0.2101
2002-10-09,0.2087
2002-10-10,0.2167
2002-10-11,0.2228
2002-10-14,0.2268
2002-10-15,0.2328
2002-10-16,0.2236
2002-10-17,0.2167
2002-10-18,0.2202
2002-10-21,0.2236
2002-10-22,0.2257
2002-10-23,0.2285
2002-10-24,0.2256
2002-10-25,0.2368
2002-10-28,0.2397
2002-10-29,0.2371
2002-10-30,0.2454
2002-10-31,0.2468
2002-11-01,0.2512
2002-11-04,0.2594
2002-11-05,0.2595
2002-11-06,0.2644
2002-11-07,0.2457
2002-11-08,0.2432
2002-11-11,0.2328
2002-11-12,0.2402
2002-11-13,0.2394
2002-11-14,0.2503
2002-11-15,0.2449
2002-11-18,0.2403
2002-11-19,0.2345
2002-11-20,0.2385
2002-11-21,0.2511
2002-11-22,0.2458
2002-11-25,0.2452
2002-11-26,0.2366
2002-11-27,0.2414
2002-11-29,0.238
2002-12-02,0.2331
2002-12-03,0.2328
2002-12-04,0.2299
2002-12-05,0.2246
2002-12-06,0.2296
2002-12-09,0.2265
2002-12-10,0.2346
2002-12-11,0.2379
2002-12-12,0.2332
2002-12-13,0.2271
2002-12-16,0.228
2002-12-17,0.2316
2002-12-18,0.2237
2002-12-19,0.218
2002-12-20,0.2171
2002-12-23,0.2225
2002-12-24,0.2205
2002-12-26,0.2211
2002-12-27,0.2159
2002-12-30,0.2161
2002-12-31,0.22
2003-01-02,0.2273
2003-01-03,0.2288
2003-01-06,0.2288
2003-01-07,0.228
2003-01-08,0.2234
2003-01-09,0.2254
2003-01-10,0.226
2003-01-13,0.2246
2003-01-14,0.2243
2003-01-15,0.2216
2003-01-16,0.2245
2003-01-17,0.2165
2003-01-21,0.2153
2003-01-22,0.2131
2003-01-23,0.2176
2003-01-24,0.2119
2003-01-27,0.217
2003-01-28,0.2239
2003-01-29,0.2293
2003-01-30,0.2199
2003-01-31,0.2205
2003-02-03,0.2251
2003-02-04,0.2242
2003-02-05,0.2219
2003-02-06,0.2216
2003-02-07,0.2173
2003-02-10,0.2204
2003-02-11,0.2204
2003-02-12,0.221
2003-02-13,0.2233
2003-02-14,0.2253
2003-02-18,0.2345
2003-02-19,0.228
2003-02-20,0.2268
2003-02-21,0.2303
2003-02-24,0.2263
2003-02-25,0.2306
2003-02-26,0.2227
2003-02-27,0.2282
2003-02-28,0.2305
2003-03-03,0.225
2003-03-04,0.2236
2003-03-05,0.2245
2003-03-06,0.2236
2003-03-07,0.2231
2003-03-10,0.2207
2003-03-11,0.2185
2003-03-12,0.2184
2003-03-13,0.226
2003-03-14,0.227
2003-03-17,0.2305
2003-03-18,0.2303
2003-03-19,0.2296
2003-03-20,0.2289
2003-03-21,0.2303
2003-03-24,0.2207
2003-03-25,0.2234
2003-03-26,0.2213
2003-03-27,0.2225
2003-03-28,0.2237
2003-03-31,0.2171
2003-04-01,0.2174
2003-04-02,0.2242
2003-04-03,0.222
2003-04-04,0.2213
2003-04-07,0.2225
2003-04-08,0.2219
2003-04-09,0.2179
2003-04-10,0.2207
2003-04-11,0.2027
2003-04-14,0.2085
2003-04-15,0.2056
2003-04-16,0.2033
2003-04-17,0.2015
2003-04-21,0.2018
2003-04-22,0.2075
2003-04-23,0.2085
2003-04-24,0.2064
2003-04-25,0.205
2003-04-28,0.2128
2003-04-29,0.2159
2003-04-30,0.2184
2003-05-01,0.2205
2003-05-02,0.2219
2003-05-05,0.2471
2003-05-06,0.2687
2003-05-07,0.271
2003-05-08,0.2764
2003-05-09,0.281
2003-05-12,0.285
2003-05-13,0.2867
2003-05-14,0.2848
2003-05-15,0.2876
2003-05-16,0.2887
2003-05-19,0.2779
2003-05-20,0.2732
2003-05-21,0.2741
2003-05-22,0.2801
2003-05-23,0.2813
2003-05-27,0.2899
2003-05-28,0.2807
2003-05-29,0.2779
2003-05-30,0.2756
2003-06-02,0.268
2003-06-03,0.2658
2003-06-04,0.2703
2003-06-05,0.2709
2003-06-06,0.2633
2003-06-09,0.2578
2003-06-10,0.2638
2003-06-11,0.268
2003-06-12,0.2729
2003-06-13,0.2675
2003-06-16,0.2805
2003-06-17,0.2793
2003-06-18,0.2936
2003-06-19,0.2939
2003-06-20,0.2948
2003-06-23,0.2927
2003-06-24,0.2884
2003-06-25,0.2931
2003-06-26,0.2962
2003-06-27,0.2876
2003-06-30,0.2927
2003-07-01,0.2931
2003-07-02,0.2959
2003-07-03,0.2937
2003-07-07,0.3051
2003-07-08,0.3133
2003-07-09,0.3054
2003-07-10,0.3007
2003-07-11,0.3048
2003-07-14,0.3056
2003-07-15,0.3011
2003-07-16,0.3051
2003-07-17,0.3209
2003-07-18,0.3203
2003-07-21,0.3165
2003-07-22,0.3194
2003-07-23,0.3192
2003-07-24,0.3149
2003-07-25,0.3308
2003-07-28,0.3223
2003-07-29,0.3182
2003-07-30,0.3114
2003-07-31,0.3237
2003-08-01,0.3183
2003-08-04,0.3257
2003-08-05,0.3129
2003-08-06,0.3014
2003-08-07,0.306
2003-08-08,0.3016
2003-08-11,0.3019
2003-08-12,0.3025
2003-08-13,0.3099
2003-08-14,0.3066
2003-08-15,0.3027
2003-08-18,0.3123
2003-08-19,0.312
2003-08-20,0.3226
2003-08-21,0.3329
2003-08-22,0.3206
2003-08-25,0.3203
2003-08-26,0.3232
2003-08-27,0.3298
2003-08-28,0.3407
2003-08-29,0.3472
2003-09-02,0.3509
2003-09-03,0.3524
2003-09-04,0.3506
2003-09-05,0.3455
2003-09-08,0.3492
2003-09-09,0.3435
2003-09-10,0.3406
2003-09-11,0.3464
2003-09-12,0.3547
2003-09-15,0.341
2003-09-16,0.3433
2003-09-17,0.3397
2003-09-18,0.3513
2003-09-19,0.3467
2003-09-22,0.339
2003-09-23,0.3444
2003-09-24,0.3274
2003-09-25,0.3137
2003-09-26,0.3177
2003-09-29,0.3271
2003-09-30,0.3182
2003-10-01,0.3192
2003-10-02,0.3159
2003-10-03,0.3331
2003-10-06,0.3423
2003-10-07,0.3566
2003-10-08,0.3541
2003-10-09,0.3601
2003-10-10,0.3636
2003-10-13,0.3739
2003-10-14,0.377
2003-10-15,0.3811
2003-10-16,0.357
2003-10-17,0.3493
2003-10-20,0.3566
2003-10-21,0.3559
2003-10-22,0.3495
2003-10-23,0.353
2003-10-24,0.347
2003-10-27,0.347
2003-10-28,0.3642
2003-10-29,0.3638
2003-10-30,0.3546
2003-10-31,0.3515
2003-11-03,0.3555
2003-11-04,0.3518
2003-11-05,0.3536
2003-11-06,0.355
2003-11-07,0.3455
2003-11-10,0.3363
2003-11-11,0.3308
2003-11-12,0.3429
2003-11-13,0.3443
2003-11-14,0.3295
2003-11-17,0.3245
2003-11-18,0.3134
2003-11-19,0.3136
2003-11-20,0.3129
2003-11-21,0.3114
2003-11-24,0.3248
2003-11-25,0.3176
2003-11-26,0.3182
2003-11-28,0.3211
2003-12-01,0.3334
2003-12-02,0.3308
2003-12-03,0.3229
2003-12-04,0.3248
2003-12-05,0.3202
2003-12-08,0.3232
2003-12-09,0.314
2003-12-10,0.3129
2003-12-11,0.3257
2003-12-12,0.3208
2003-12-15,0.3097
2003-12-16,0.309
2003-12-17,0.3053
2003-12-18,0.3077
2003-12-19,0.3025
2003-12-22,0.3048
2003-12-23,0.3042
2003-12-24,0.3134
2003-12-26,0.3191
2003-12-29,0.3248
2003-12-30,0.3268
2003-12-31,0.3281
2004-01-02,0.3268
2004-01-05,0.3404
2004-01-06,0.3392
2004-01-07,0.3469
2004-01-08,0.3587
2004-01-09,0.3532
2004-01-12,0.3644
2004-01-13,0.3704
2004-01-14,0.3716
2004-01-15,0.3509
2004-01-16,0.3489
2004-01-20,0.349
2004-01-21,0.3472
2004-01-22,0.3406
2004-01-23,0.3464
2004-01-26,0.3533
2004-01-27,0.3542
2004-01-28,0.3458
2004-01-29,0.3483
2004-01-30,0.3464
2004-02-02,0.3427
2004-02-03,0.3418
2004-02-04,0.3346
2004-02-05,0.3443
2004-02-06,0.3487
2004-02-09,0.3481
2004-02-10,0.3529
2004-02-11,0.3655
2004-02-12,0.3644
2004-02-13,0.3532
2004-02-17,0.3556
2004-02-18,0.3572
2004-02-19,0.345
2004-02-20,0.344
2004-02-23,0.3407
2004-02-24,0.3433
2004-02-25,0.3503
2004-02-26,0.3538
2004-02-27,0.3673
2004-03-01,0.3688
2004-03-02,0.3656
2004-03-03,0.3673
2004-03-04,0.3863
2004-03-05,0.4106
2004-03-08,0.3992
2004-03-09,0.4161
2004-03-10,0.425
2004-03-11,0.4169
2004-03-12,0.4232
2004-03-15,0.4062
2004-03-16,0.3965
2004-03-17,0.4022
2004-03-18,0.3942
2004-03-19,0.3971
2004-03-22,0.3971
2004-03-23,0.3883
2004-03-24,0.3916
2004-03-25,0.4126
2004-03-26,0.4152
2004-03-29,0.4286
2004-03-30,0.4287
2004-03-31,0.4152
2004-04-01,0.4163
2004-04-02,0.4223
2004-04-05,0.4349
2004-04-06,0.4273
2004-04-07,0.4194
2004-04-08,0.4227
2004-04-12,0.4306
2004-04-13,0.4135
2004-04-14,0.4091
2004-04-15,0.4499
2004-04-16,0.4481
2004-04-19,0.4353
2004-04-20,0.4258
2004-04-21,0.4258
2004-04-22,0.4266
2004-04-23,0.4253
2004-04-26,0.4166
2004-04-27,0.4137
2004-04-28,0.4062
2004-04-29,0.4111
2004-04-30,0.3959
2004-05-03,0.4003
2004-05-04,0.4014
2004-05-05,0.4092
2004-05-06,0.4081
2004-05-07,0.4095
2004-05-10,0.4035
2004-05-11,0.4167
2004-05-12,0.4192
2004-05-13,0.4175
2004-05-14,0.4155
2004-05-17,0.4091
2004-05-18,0.4155
2004-05-19,0.4065
2004-05-20,0.4101
2004-05-21,0.4163
2004-05-24,0.4198
2004-05-25,0.4362
2004-05-26,0.4378
2004-05-27,0.4326
2004-05-28,0.4309
2004-06-01,0.4309
2004-06-02,0.4441
2004-06-03,0.4361
2004-06-04,0.4419
2004-06-07,0.4577
2004-06-08,0.466
2004-06-09,0.4637
2004-06-10,0.472
2004-06-14,0.4625
2004-06-15,0.4713
2004-06-16,0.5027
2004-06-17,0.5038
2004-06-18,0.5053
2004-06-21,0.4964
2004-06-22,0.5067
2004-06-23,0.5175
2004-06-24,0.5095
2004-06-25,0.5175
2004-06-28,0.4989
2004-06-29,0.4991
2004-06-30,0.4997
2004-07-01,0.496
2004-07-02,0.4772
2004-07-06,0.4753
2004-07-07,0.4667
2004-07-08,0.4628
2004-07-09,0.4611
2004-07-12,0.4475
2004-07-13,0.4487
2004-07-14,0.4542
2004-07-15,0.5057
2004-07-16,0.4944
2004-07-19,0.4909
2004-07-20,0.4944
2004-07-21,0.4855
2004-07-22,0.4865
2004-07-23,0.4714
2004-07-26,0.48
2004-07-27,0.498
2004-07-28,0.4955
2004-07-29,0.5012
2004-07-30,0.4966
2004-08-02,0.4849
2004-08-03,0.4805
2004-08-04,0.4881
2004-08-05,0.482
2004-08-06,0.4573
2004-08-09,0.4653
2004-08-10,0.484
2004-08-11,0.4762
2004-08-12,0.4663
2004-08-13,0.4736
2004-08-16,0.4726
2004-08-17,0.474
2004-08-18,0.4874
2004-08-19,0.4716
2004-08-20,0.4729
2004-08-23,0.4772
2004-08-24,0.4906
2004-08-25,0.5075
2004-08-26,0.5322
2004-08-27,0.5275
2004-08-30,0.5239
2004-08-31,0.5296
2004-09-01,0.5506
2004-09-02,0.5476
2004-09-03,0.541
2004-09-07,0.5491
2004-09-08,0.5582
2004-09-09,0.5482
2004-09-10,0.5508
2004-09-13,0.5465
2004-09-14,0.545
2004-09-15,0.5405
2004-09-16,0.5582
2004-09-17,0.5703
2004-09-20,0.5791
2004-09-21,0.5837
2004-09-22,0.5669
2004-09-23,0.5723
2004-09-24,0.5726
2004-09-27,0.5763
2004-09-28,0.5841
2004-09-29,0.5939
2004-09-30,0.595
2004-10-01,0.5938
2004-10-04,0.5956
2004-10-05,0.6045
2004-10-06,0.624
2004-10-07,0.6084
2004-10-08,0.5998
2004-10-11,0.5926
2004-10-12,0.588
2004-10-13,0.6104
2004-10-14,0.6907
2004-10-15,0.6987
2004-10-18,0.7332
2004-10-19,0.7282
2004-10-20,0.7289
2004-10-21,0.7361
2004-10-22,0.728
2004-10-25,0.7301
2004-10-26,0.7366
2004-10-27,0.7724
2004-10-28,0.8014
2004-10-29,0.8046
2004-11-01,0.8054
2004-11-02,0.8215
2004-11-03,0.8493
2004-11-04,0.8361
2004-11-05,0.8402
2004-11-08,0.835
2004-11-09,0.83
2004-11-10,0.8407
2004-11-11,0.8492
2004-11-12,0.8522
2004-11-15,0.8482
2004-11-16,0.8436
2004-11-17,0.843
2004-11-18,0.8505
2004-11-19,0.8472
2004-11-22,0.9421
2004-11-23,0.9408
2004-11-24,0.9835
2004-11-26,0.9912
2004-11-29,1.0509
2004-11-30,1.0296
2004-12-01,1.0409
2004-12-02,1.0013
2004-12-03,0.9625
2004-12-06,1.0101
2004-12-07,0.9657
2004-12-08,0.9717
2004-12-09,0.9826
2004-12-10,1.0004
2004-12-13,0.9967
2004-12-14,1.0026
2004-12-15,1.0021
2004-12-16,1.0227
2004-12-17,0.9979
2004-12-20,0.9631
2004-12-21,0.978
2004-12-22,0.9789
2004-12-23,0.9829
2004-12-27,0.9698
2004-12-28,0.9855
2004-12-29,0.9895
2004-12-30,0.995
2004-12-31,0.9889
2005-01-03,0.9718
2005-01-04,0.9818
2005-01-05,0.9904
2005-01-06,0.9912
2005-01-07,1.0634
2005-01-10,1.0589
2005-01-11,0.9913
2005-01-12,1.0052
2005-01-13,1.0718
2005-01-14,1.0779
2005-01-18,1.0849
2005-01-19,1.073
2005-01-20,1.0819
2005-01-21,1.0824
2005-01-24,1.0865
2005-01-25,1.1064
2005-01-26,1.1094
2005-01-27,1.1154
2005-01-28,1.136
2005-01-31,1.1808
2005-02-01,1.1905
2005-02-02,1.2228
2005-02-03,1.1948
2005-02-04,1.2106
2005-02-07,1.2122
2005-02-08,1.2423
2005-02-09,1.2091
2005-02-10,1.2032
2005-02-11,1.247
2005-02-14,1.2995
2005-02-15,1.3576
2005-02-16,1.384
2005-02-17,1.3484
2005-02-18,1.333
2005-02-22,1.3097
2005-02-23,1.3548
2005-02-24,1.3656
2005-02-25,1.3665
2005-02-28,1.3777
2005-03-01,1.3666
2005-03-02,1.355
2005-03-03,1.2834
2005-03-04,1.3147
2005-03-07,1.3129
2005-03-08,1.2447
2005-03-09,1.2085
2005-03-10,1.2232
2005-03-11,1.2367
2005-03-14,1.2383
2005-03-15,1.2579
2005-03-16,1.2647
2005-03-17,1.2975
2005-03-18,1.3193
2005-03-21,1.3421
2005-03-22,1.3153
2005-03-23,1.3067
2005-03-24,1.3052
2005-03-28,1.3061
2005-03-29,1.2822
2005-03-30,1.3144
2005-03-31,1.2797
2005-04-01,1.2558
2005-04-04,1.2619
2005-04-05,1.2865
2005-04-06,1.3
2005-04-07,1.3378
2005-04-08,1.3433
2005-04-11,1.2874
2005-04-12,1.3101
2005-04-13,1.2604
2005-04-14,1.1443
2005-04-15,1.0856
2005-04-18,1.0939
2005-04-19,1.1391
2005-04-20,1.0905
2005-04-21,1.1418
2005-04-22,1.0902
2005-04-25,1.1357
2005-04-26,1.1114
2005-04-27,1.1041
2005-04-28,1.0915
2005-04-29,1.1074
2005-05-02,1.1188
2005-05-03,1.112
2005-05-04,1.1409
2005-05-05,1.1265
2005-05-06,1.1437
2005-05-09,1.1354
2005-05-10,1.1185
2005-05-11,1.0936
2005-05-12,1.0482
2005-05-13,1.0678
2005-05-16,1.0918
2005-05-17,1.0859
2005-05-18,1.1007
2005-05-19,1.1532
2005-05-20,1.1532
2005-05-23,1.2211
2005-05-24,1.2192
2005-05-25,1.2217
2005-05-26,1.2512
2005-05-27,1.2456
2005-05-31,1.2211
2005-06-01,1.2376
2005-06-02,1.2297
2005-06-03,1.1744
2005-06-06,1.1646
2005-06-07,1.1222
2005-06-08,1.1338
2005-06-09,1.1563
2005-06-10,1.0998
2005-06-13,1.1025
2005-06-14,1.1056
2005-06-15,1.1403
2005-06-16,1.1664
2005-06-17,1.1765
2005-06-20,1.155
2005-06-21,1.1627
2005-06-22,1.1839
2005-06-23,1.1943
2005-06-24,1.1596
2005-06-27,1.1394
2005-06-28,1.1458
2005-06-29,1.117
2005-06-30,1.1305
2005-07-01,1.1209
2005-07-05,1.1664
2005-07-06,1.1483
2005-07-07,1.1556
2005-07-08,1.1747
2005-07-11,1.1701
2005-07-12,1.1744
2005-07-13,1.1778
2005-07-14,1.2515
2005-07-15,1.276
2005-07-18,1.2742
2005-07-19,1.3264
2005-07-20,1.3399
2005-07-21,1.3295
2005-07-22,1.3513
2005-07-25,1.3454
2005-07-26,1.3399
2005-07-27,1.351
2005-07-28,1.3451
2005-07-29,1.3098
2005-08-01,1.3129
2005-08-02,1.3264
2005-08-03,1.3273
2005-08-04,1.3117
2005-08-05,1.3203
2005-08-08,1.3098
2005-08-09,1.3457
2005-08-10,1.3322
2005-08-11,1.3513
2005-08-12,1.4158
2005-08-15,1.4643
2005-08-16,1.4204
2005-08-17,1.448
2005-08-18,1.4219
2005-08-19,1.4075
2005-08-22,1.4087
2005-08-23,1.4047
2005-08-24,1.4056
2005-08-25,1.4145
2005-08-26,1.4047
2005-08-29,1.4078
2005-08-30,1.4302
2005-08-31,1.44
2005-09-01,1.4207
2005-09-02,1.4195
2005-09-06,1.4987
2005-09-07,1.495
2005-09-08,1.5288
2005-09-09,1.5758
2005-09-12,1.5785
2005-09-13,1.5607
2005-09-14,1.5236
2005-09-15,1.5315
2005-09-16,1.5727
2005-09-19,1.6166
2005-09-20,1.6335
2005-09-21,1.6003
2005-09-22,1.5939
2005-09-23,1.6338
2005-09-26,1.6535
2005-09-27,1.6412
2005-09-28,1.5687
2005-09-29,1.6074
2005-09-30,1.6464
2005-10-03,1.6719
2005-10-04,1.6507
2005-10-05,1.6209
2005-10-06,1.5878
2005-10-07,1.5755
2005-10-10,1.5469
2005-10-11,1.5844
2005-10-12,1.5125
2005-10-13,1.6504
2005-10-14,1.6584
2005-10-17,1.6412
2005-10-18,1.6034
2005-10-19,1.6873
2005-10-20,1.7241
2005-10-21,1.7094
2005-10-24,1.7441
2005-10-25,1.7229
2005-10-26,1.7514
2005-10-27,1.7017
2005-10-28,1.6728
2005-10-31,1.7686
2005-11-01,1.7659
2005-11-02,1.8411
2005-11-03,1.8995
2005-11-04,1.878
2005-11-07,1.8497
2005-11-08,1.8396
2005-11-09,1.846
2005-11-10,1.8789
2005-11-11,1.8899
2005-11-14,1.8872
2005-11-15,1.9127
2005-11-16,1.9947
2005-11-17,1.9815
2005-11-18,1.9827
2005-11-21,1.995
2005-11-22,2.0429
2005-11-23,2.061
2005-11-25,2.1295
2005-11-28,2.1393
2005-11-29,2.0914
2005-11-30,2.0828
2005-12-01,2.1989
2005-12-02,2.2305
2005-12-05,2.2057
2005-12-06,2.2741
2005-12-07,2.2711
2005-12-08,2.2751
2005-12-09,2.2827
2005-12-12,2.3005
2005-12-13,2.3027
2005-12-14,2.2115
2005-12-15,2.2167
2005-12-16,2.1838
2005-12-19,2.1921
2005-12-20,2.2146
2005-12-21,2.2572
2005-12-22,2.2732
2005-12-23,2.2526
2005-12-27,2.2797
2005-12-28,2.2594
2005-12-29,2.1943
2005-12-30,2.2078
2006-01-03,2.2956
2006-01-04,2.3024
2006-01-05,2.2843
2006-01-06,2.3432
2006-01-09,2.3356
2006-01-10,2.4833
2006-01-11,2.5766
2006-01-12,2.5886
2006-01-13,2.6285
2006-01-17,2.6015
2006-01-18,2.5333
2006-01-19,2.4274
2006-01-20,2.3368
2006-01-23,2.3853
2006-01-24,2.3353
2006-01-25,2.2787
2006-01-26,2.2213
2006-01-27,2.2121
2006-01-30,2.3033
2006-01-31,2.319
2006-02-01,2.3162
2006-02-02,2.2142
2006-02-03,2.2066
2006-02-06,2.0668
2006-02-07,2.0761
2006-02-08,2.1132
2006-02-09,1.9947
2006-02-10,2.0671
2006-02-13,1.9873
2006-02-14,2.0773
2006-02-15,2.1258
2006-02-16,2.1673
2006-02-17,2.1587
2006-02-21,2.1215
2006-02-22,2.1903
2006-02-23,2.2035
2006-02-24,2.1946
2006-02-27,2.1802
2006-02-28,2.1034
2006-03-01,2.1221
2006-03-02,2.1378
2006-03-03,2.0797
2006-03-06,2.0109
2006-03-07,2.0364
2006-03-08,2.0165
2006-03-09,1.9633
2006-03-10,1.9406
2006-03-13,2.0171
2006-03-14,2.0675
2006-03-15,2.034
2006-03-16,1.975
2006-03-17,1.9858
2006-03-20,1.9652
2006-03-21,1.8982
2006-03-22,1.8939
2006-03-23,1.8476
2006-03-24,1.8414
2006-03-27,1.8276
2006-03-28,1.803
2006-03-29,1.9142
2006-03-30,1.9271
2006-03-31,1.9262
2006-04-03,1.924
2006-04-04,1.8786
2006-04-05,2.0641
2006-04-06,2.1878
2006-04-07,2.1433
2006-04-10,2.1089
2006-04-11,2.088
2006-04-12,2.0487
2006-04-13,2.0413
2006-04-17,1.9904
2006-04-18,2.0337
2006-04-19,2.0162
2006-04-20,2.077
2006-04-21,2.0589
2006-04-24,2.0192
2006-04-25,2.0321
2006-04-26,2.0929
2006-04-27,2.1301
2006-04-28,2.1617
2006-05-01,2.1375
2006-05-02,2.1995
2006-05-03,2.1848
2006-05-04,2.1845
2006-05-05,2.2078
2006-05-08,2.2078
2006-05-09,2.1814
2006-05-10,2.1682
2006-05-11,2.0929
2006-05-12,2.0791
2006-05-15,2.0819
2006-05-16,1.9956
2006-05-17,2.0042
2006-05-18,1.9403
2006-05-19,1.9812
2006-05-22,1.9465
2006-05-23,1.9394
2006-05-24,1.9452
2006-05-25,1.9756
2006-05-26,1.9517
2006-05-30,1.8801
2006-05-31,1.8356
2006-06-01,1.9093
2006-06-02,1.8936
2006-06-05,1.8426
2006-06-06,1.834
2006-06-07,1.7984
2006-06-08,1.866
2006-06-09,1.8193
2006-06-12,1.7505
2006-06-13,1.7914
2006-06-14,1.7693
2006-06-15,1.8236
2006-06-16,1.7677
2006-06-19,1.7567
2006-06-20,1.765
2006-06-21,1.7769
2006-06-22,1.8298
2006-06-23,1.8067
2006-06-26,1.8116
2006-06-27,1.7637
2006-06-28,1.7204
2006-06-29,1.811
2006-06-30,1.7588
2006-07-03,1.7797
2006-07-05,1.7505
2006-07-06,1.7127
2006-07-07,1.7014
2006-07-10,1.6891
2006-07-11,1.7091
2006-07-12,1.6264
2006-07-13,1.6046
2006-07-14,1.5561
2006-07-17,1.6083
2006-07-18,1.6246
2006-07-19,1.6615
2006-07-20,1.858
2006-07-21,1.8648
2006-07-24,1.8863
2006-07-25,1.9019
2006-07-26,1.9615
2006-07-27,1.9471
2006-07-28,2.0143
2006-07-31,2.0871
2006-08-01,2.0632
2006-08-02,2.0933
2006-08-03,2.1372
2006-08-04,2.0975
2006-08-07,2.0641
2006-08-08,1.9894
2006-08-09,1.9529
2006-08-10,1.9676
2006-08-11,1.9547
2006-08-14,1.9636
2006-08-15,2.0407
2006-08-16,2.0877
2006-08-17,2.0757
2006-08-18,2.0856
2006-08-21,2.0441
2006-08-22,2.0767
2006-08-23,2.0671
2006-08-24,2.0825
2006-08-25,2.1114
2006-08-28,2.057
2006-08-29,2.0417
2006-08-30,2.0564
2006-08-31,2.0837
2006-09-01,2.1
2006-09-05,2.1952
2006-09-06,2.1507
2006-09-07,2.2357
2006-09-08,2.2271
2006-09-11,2.2265
2006-09-12,2.2305
2006-09-13,2.2787
2006-09-14,2.2778
2006-09-15,2.2757
2006-09-18,2.2692
2006-09-19,2.2655
2006-09-20,2.3113
2006-09-21,2.2926
2006-09-22,2.2419
2006-09-25,2.3263
2006-09-26,2.3835
2006-09-27,2.3466
2006-09-28,2.365
2006-09-29,2.3641
2006-10-02,2.299
2006-10-03,2.2751
2006-10-04,2.315
2006-10-05,2.2981
2006-10-06,2.2794
2006-10-09,2.2919
2006-10-10,2.2668
2006-10-11,2.249
2006-10-12,2.3113
2006-10-13,2.3039
2006-10-16,2.3156
2006-10-17,2.2815
2006-10-18,2.2889
2006-10-19,2.4258
2006-10-20,2.4553
2006-10-23,2.5017
2006-10-24,2.4891
2006-10-25,2.5085
2006-10-26,2.5241
2006-10-27,2.4695
2006-10-30,2.4698
2006-10-31,2.49
2006-11-01,2.4311
2006-11-02,2.4255
2006-11-03,2.4043
2006-11-06,2.448
2006-11-07,2.4725
2006-11-08,2.5321
2006-11-09,2.5594
2006-11-10,2.5527
2006-11-13,2.5905
2006-11-14,2.6104
2006-11-15,2.5812
2006-11-16,2.6292
2006-11-17,2.6365
2006-11-20,2.6556
2006-11-21,2.721
2006-11-22,2.7735
2006-11-24,2.814
2006-11-27,2.7498
2006-11-28,2.8196
2006-11-29,2.8193
2006-11-30,2.815
2006-12-01,2.8045
2006-12-04,2.7984
2006-12-05,2.803
2006-12-06,2.7588
2006-12-07,2.6731
2006-12-08,2.7105
2006-12-11,2.7256
2006-12-12,2.6454
2006-12-13,2.7348
2006-12-14,2.7194
2006-12-15,2.694
2006-12-18,2.6249
2006-12-19,2.6507
2006-12-20,2.603
2006-12-21,2.5459
2006-12-22,2.5244
2006-12-26,2.5032
2006-12-27,2.5035
2006-12-28,2.4836
2006-12-29,2.6055
2007-01-03,2.5736
2007-01-04,2.6307
2007-01-05,2.612
2007-01-08,2.6249
2007-01-09,2.8429
2007-01-10,2.9789
2007-01-11,2.9421
2007-01-12,2.9059
2007-01-16,2.982
2007-01-17,2.916
2007-01-18,2.7354
2007-01-19,2.7179
2007-01-22,2.6654
2007-01-23,2.6319
2007-01-24,2.6626
2007-01-25,2.6488
2007-01-26,2.6221
2007-01-29,2.6393
2007-01-30,2.6273
2007-01-31,2.6328
2007-02-01,2.6024
2007-02-02,2.6027
2007-02-05,2.5779
2007-02-06,2.5843
2007-02-07,2.6457
2007-02-08,2.6467
2007-02-09,2.5573
2007-02-12,2.6067
2007-02-13,2.6012
2007-02-14,2.6196
2007-02-15,2.6169
2007-02-16,2.6052
2007-02-20,2.6381
2007-02-21,2.7394
2007-02-22,2.7489
2007-02-23,2.7354
2007-02-26,2.7182
2007-02-27,2.5776
2007-02-28,2.5984
2007-03-01,2.6737
2007-03-02,2.623
2007-03-05,2.651
2007-03-06,2.7084
2007-03-07,2.694
2007-03-08,2.7026
2007-03-09,2.7016
2007-03-12,2.76
2007-03-13,2.7148
2007-03-14,2.764
2007-03-15,2.7508
2007-03-16,2.7514
2007-03-19,2.7987
2007-03-20,2.8094
2007-03-21,2.8828
2007-03-22,2.8856
2007-03-23,2.8721
2007-03-26,2.9436
2007-03-27,2.9317
2007-03-28,2.8635
2007-03-29,2.8791
2007-03-30,2.8533
2007-04-02,2.8761
2007-04-03,2.9022
2007-04-04,2.8951
2007-04-05,2.9077
2007-04-09,2.8761
2007-04-10,2.8945
2007-04-11,2.8435
2007-04-12,2.8312
2007-04-13,2.7713
2007-04-16,2.8079
2007-04-17,2.7747
2007-04-18,2.7763
2007-04-19,2.7723
2007-04-20,2.7938
2007-04-23,2.8718
2007-04-24,2.8635
2007-04-25,2.9283
2007-04-26,3.0355
2007-04-27,3.0686
2007-04-30,3.0649
2007-05-01,3.0548
2007-05-02,3.0831
2007-05-03,3.0834
2007-05-04,3.096
2007-05-07,3.1915
2007-05-08,3.2265
2007-05-09,3.2824
2007-05-10,3.2965
2007-05-11,3.3395
2007-05-14,3.3585
2007-05-15,3.302
2007-05-16,3.2965
2007-05-17,3.361
2007-05-18,3.3788
2007-05-21,3.439
2007-05-22,3.4869
2007-05-23,3.4669
2007-05-24,3.3994
2007-05-25,3.4894
2007-05-29,3.5118
2007-05-30,3.6475
2007-05-31,3.7218
2007-06-01,3.6362
2007-06-04,3.7261
2007-06-05,3.7673
2007-06-06,3.7971
2007-06-07,3.8103
2007-06-08,3.8232
2007-06-11,3.6911
2007-06-12,3.697
2007-06-13,3.6085
2007-06-14,3.6469
2007-06-15,3.7007
2007-06-18,3.8416
2007-06-19,3.7977
2007-06-20,3.7329
2007-06-21,3.8051
2007-06-22,3.7774
2007-06-25,3.7572
2007-06-26,3.6745
2007-06-27,3.7433
2007-06-28,3.7025
2007-06-29,3.7479
2007-07-02,3.724
2007-07-03,3.9055
2007-07-05,4.0769
2007-07-06,4.063
2007-07-09,4.0025
2007-07-10,4.0646
2007-07-11,4.0658
2007-07-12,4.1174
2007-07-13,4.2298
2007-07-16,4.2412
2007-07-17,4.266
2007-07-18,4.2418
2007-07-19,4.2995
2007-07-20,4.4147
2007-07-23,4.4131
2007-07-24,4.1426
2007-07-25,4.2154
2007-07-26,4.4838
2007-07-27,4.4177
2007-07-30,4.3434
2007-07-31,4.0465
2007-08-01,4.146
2007-08-02,4.1917
2007-08-03,4.0492
2007-08-06,4.1536
2007-08-07,4.1469
2007-08-08,4.1156
2007-08-09,3.8815
2007-08-10,3.8389
2007-08-13,3.9245
2007-08-14,3.8091
2007-08-15,3.6822
2007-08-16,3.5947
2007-08-17,3.7486
2007-08-20,3.7535
2007-08-21,3.9178
2007-08-22,4.0695
2007-08-23,4.0253
2007-08-24,4.1552
2007-08-27,4.0615
2007-08-28,3.8947
2007-08-29,4.1177
2007-08-30,4.1843
2007-08-31,4.2528
2007-09-04,4.4273
2007-09-05,4.2
2007-09-06,4.1463
2007-09-07,4.0468
2007-09-10,4.1985
2007-09-11,4.161
2007-09-12,4.2028
2007-09-13,4.2135
2007-09-14,4.263
2007-09-17,4.2507
2007-09-18,4.3278
2007-09-19,4.3232
2007-09-20,4.309
2007-09-21,4.427
2007-09-24,4.5538
2007-09-25,4.7043
2007-09-26,4.6917
2007-09-27,4.7448
2007-09-28,4.7132
2007-10-01,4.8013
2007-10-02,4.8661
2007-10-03,4.8499
2007-10-04,4.7983
2007-10-05,4.9583
2007-10-08,5.1567
2007-10-09,5.1551
2007-10-10,5.1223
2007-10-11,4.9822
2007-10-12,5.1364
2007-10-15,5.1281
2007-10-16,5.2079
2007-10-17,5.3053
2007-10-18,5.3283
2007-10-19,5.2337
2007-10-22,5.3547
2007-10-23,5.7171
2007-10-24,5.7101
2007-10-25,5.6133
2007-10-26,5.6723
2007-10-29,5.6843
2007-10-30,5.7429
2007-10-31,5.8335
2007-11-01,5.7564
2007-11-02,5.7696
2007-11-05,5.7177
2007-11-06,5.89
2007-11-07,5.7214
2007-11-08,5.3888
2007-11-09,5.0786
2007-11-12,4.7221
2007-11-13,5.2196
2007-11-14,5.1014
2007-11-15,5.0458
2007-11-16,5.11
2007-11-19,5.035
2007-11-20,5.1855
2007-11-21,5.1735
2007-11-23,5.2681
2007-11-26,5.2988
2007-11-27,5.3686
2007-11-28,5.5347
2007-11-29,5.6597
2007-11-30,5.5961
2007-12-03,5.4929
2007-12-04,5.5221
2007-12-05,5.6969
2007-12-06,5.8335
2007-12-07,5.9671
2007-12-10,5.9643
2007-12-11,5.7902
2007-12-12,5.8615
2007-12-13,5.8913
2007-12-14,5.847
2007-12-17,5.6631
2007-12-18,5.6195
2007-12-19,5.6238
2007-12-20,5.7494
2007-12-21,5.9551
2007-12-24,6.1053
2007-12-26,6.1099
2007-12-27,6.0982
2007-12-28,6.1369
2007-12-31,6.0832
2008-01-02,5.9837
2008-01-03,5.9865
2008-01-04,5.5295
2008-01-07,5.4555
2008-01-08,5.2592
2008-01-09,5.5095
2008-01-10,5.4671
2008-01-11,5.3035
2008-01-14,5.4905
2008-01-15,5.1914
2008-01-16,4.9027
2008-01-17,4.9411
2008-01-18,4.9555
2008-01-22,4.7798
2008-01-23,4.271
2008-01-24,4.1644
2008-01-25,3.9927
2008-01-28,3.9927
2008-01-29,4.0397
2008-01-30,4.0594
2008-01-31,4.157
2008-02-01,4.1076
2008-02-04,4.0431
2008-02-05,3.9728
2008-02-06,3.7467
2008-02-07,3.7234
2008-02-08,3.8536
2008-02-11,3.9755
2008-02-12,3.8346
2008-02-13,3.974
2008-02-14,3.9144
2008-02-15,3.8275
2008-02-19,3.7522
2008-02-20,3.8026
2008-02-21,3.7326
2008-02-22,3.6687
2008-02-25,3.6773
2008-02-26,3.6592
2008-02-27,3.7762
2008-02-28,3.9896
2008-02-29,3.8395
2008-03-03,3.7384
2008-03-04,3.8272
2008-03-05,3.8232
2008-03-06,3.7139
2008-03-07,3.7544
2008-03-10,3.6758
2008-03-11,3.911
2008-03-12,3.8705
2008-03-13,3.9291
2008-03-14,3.8883
2008-03-17,3.892
2008-03-18,4.079
2008-03-19,3.9823
2008-03-20,4.0928
2008-03-24,4.2851
2008-03-25,4.3296
2008-03-26,4.4549
2008-03-27,4.3072
2008-03-28,4.392
2008-03-31,4.407
2008-04-01,4.5922
2008-04-02,4.5295
2008-04-03,4.6561
2008-04-04,4.7012
2008-04-07,4.7875
2008-04-08,4.6938
2008-04-09,4.6508
2008-04-10,4.7464
2008-04-11,4.5188
2008-04-14,4.5384
2008-04-15,4.5569
2008-04-16,4.7203
2008-04-17,4.7445
2008-04-18,4.9457
2008-04-21,5.1643
2008-04-22,4.9199
2008-04-23,5.0025
2008-04-24,5.1883
2008-04-25,5.2125
2008-04-28,5.2896
2008-04-29,5.3759
2008-04-30,5.3421
2008-05-01,5.5279
2008-05-02,5.5568
2008-05-05,5.6732
2008-05-06,5.7325
2008-05-07,5.6075
2008-05-08,5.6833
2008-05-09,5.6339
2008-05-12,5.7785
2008-05-13,5.8338
2008-05-14,5.7202
2008-05-15,5.8268
2008-05-16,5.762
2008-05-19,5.6385
2008-05-20,5.7091
2008-05-21,5.4724
2008-05-22,5.4373
2008-05-23,5.5639
2008-05-27,5.7254
2008-05-28,5.7432
2008-05-29,5.7334
2008-05-30,5.7967
2008-06-02,5.7153
2008-06-03,5.6929
2008-06-04,5.6873
2008-06-05,5.8175
2008-06-06,5.7012
2008-06-09,5.5774
2008-06-10,5.7012
2008-06-11,5.5528
2008-06-12,5.321
2008-06-13,5.2936
2008-06-16,5.4309
2008-06-17,5.5719
2008-06-18,5.4896
2008-06-19,5.5556
2008-06-20,5.3827
2008-06-23,5.3179
2008-06-24,5.3206
2008-06-25,5.4478
2008-06-26,5.1674
2008-06-27,5.2236
2008-06-30,5.1422
2008-07-01,5.3646
2008-07-02,5.1649
2008-07-03,5.2245
2008-07-07,5.3793
2008-07-08,5.5141
2008-07-09,5.3514
2008-07-10,5.4245
2008-07-11,5.3001
2008-07-14,5.34
2008-07-15,5.2098
2008-07-16,5.3071
2008-07-17,5.2764
2008-07-18,5.0719
2008-07-21,5.1069
2008-07-22,4.9758
2008-07-23,5.106
2008-07-24,4.8839
2008-07-25,4.9788
2008-07-28,4.7417
2008-07-29,4.8241
2008-07-30,4.91
2008-07-31,4.8815
2008-08-01,4.8112
2008-08-04,4.7058
2008-08-05,4.9334
2008-08-06,5.0424
2008-08-07,5.0234
2008-08-08,5.207
2008-08-11,5.3302
2008-08-12,5.4275
2008-08-13,5.5064
2008-08-14,5.5071
2008-08-15,5.3971
2008-08-18,5.3864
2008-08-19,5.3292
2008-08-20,5.4002
2008-08-21,5.3526
2008-08-22,5.4294
2008-08-25,5.2991
2008-08-26,5.3326
2008-08-27,5.3643
2008-08-28,5.3357
2008-08-29,5.2064
2008-09-02,5.1038
2008-09-03,5.1275
2008-09-04,4.9512
2008-09-05,4.9193
2008-09-08,4.8499
2008-09-09,4.6582
2008-09-10,4.6561
2008-09-11,4.688
2008-09-12,4.5741
2008-09-15,4.3106
2008-09-16,4.2958
2008-09-17,3.9258
2008-09-18,4.118
2008-09-19,4.3275
2008-09-22,4.0247
2008-09-23,3.8954
2008-09-24,3.9528
2008-09-25,4.0517
2008-09-26,3.9384
2008-09-29,3.2326
2008-09-30,3.4906
2008-10-01,3.3512
2008-10-02,3.0742
2008-10-03,2.9811
2008-10-06,3.014
2008-10-07,2.7382
2008-10-08,2.7575
2008-10-09,2.7253
2008-10-10,2.9728
2008-10-13,3.3862
2008-10-14,3.1964
2008-10-15,3.0081
2008-10-16,3.1291
2008-10-17,2.9912
2008-10-20,3.0232
2008-10-21,2.8097
2008-10-22,2.975
2008-10-23,3.0167
2008-10-24,2.9599
2008-10-27,2.8282
2008-10-28,3.0683
2008-10-29,3.2108
2008-10-30,3.4101
2008-10-31,3.3042
2008-11-03,3.2848
2008-11-04,3.4086
2008-11-05,3.1724
2008-11-06,3.0434
2008-11-07,3.017
2008-11-10,2.9446
2008-11-11,2.9105
2008-11-12,2.7677
2008-11-13,2.9618
2008-11-14,2.7713
2008-11-17,2.7069
2008-11-18,2.7612
2008-11-19,2.65
2008-11-20,2.4719
2008-11-21,2.5361
2008-11-24,2.8546
2008-11-25,2.7885
2008-11-26,2.9175
2008-11-28,2.846
2008-12-01,2.7311
2008-12-02,2.8398
2008-12-03,2.9452
2008-12-04,2.8073
2008-12-05,2.8868
2008-12-08,3.0625
2008-12-09,3.0729
2008-12-10,3.0161
2008-12-11,2.9175
2008-12-12,3.018
2008-12-15,2.9099
2008-12-16,2.9307
2008-12-17,2.7382
2008-12-18,2.7465
2008-12-19,2.764
2008-12-22,2.6331
2008-12-23,2.6528
2008-12-24,2.6116
2008-12-26,2.6353
2008-12-29,2.6599
2008-12-30,2.65
2008-12-31,2.6212
2009-01-02,2.787
2009-01-05,2.9046
2009-01-06,2.8567
2009-01-07,2.795
2009-01-08,2.8469
2009-01-09,2.7818
2009-01-12,2.7228
2009-01-13,2.6936
2009-01-14,2.6206
2009-01-15,2.5607
2009-01-16,2.5284
2009-01-20,2.4016
2009-01-21,2.5438
2009-01-22,2.7136
2009-01-23,2.7136
2009-01-26,2.7529
2009-01-27,2.7864
2009-01-28,2.893
2009-01-29,2.8561
2009-01-30,2.768
2009-02-02,2.8103
2009-02-03,2.8555
2009-02-04,2.873
2009-02-05,2.9624
2009-02-06,3.0625
2009-02-09,3.1482
2009-02-10,3.0044
2009-02-11,2.9734
2009-02-12,3.0487
2009-02-13,3.0453
2009-02-17,2.9031
2009-02-18,2.8982
2009-02-19,2.7836
2009-02-20,2.8008
2009-02-23,2.6703
2009-02-24,2.7717
2009-02-25,2.7996
2009-02-26,2.7391
2009-02-27,2.7428
2009-03-02,2.7007
2009-03-03,2.7139
2009-03-04,2.7999
2009-03-05,2.7283
2009-03-06,2.6196
2009-03-09,2.5524
2009-03-10,2.7219
2009-03-11,2.8463
2009-03-12,2.959
2009-03-13,2.9461
2009-03-16,2.9304
2009-03-17,3.0606
2009-03-18,3.1178
2009-03-19,3.1208
2009-03-20,3.1199
2009-03-23,3.3063
2009-03-24,3.2707
2009-03-25,3.2704
2009-03-26,3.3742
2009-03-27,3.2815
2009-03-30,3.209
2009-03-31,3.2283
2009-04-01,3.338
2009-04-02,3.4614
2009-04-03,3.5621
2009-04-06,3.6377
2009-04-07,3.5317
2009-04-08,3.5723
2009-04-09,3.6721
2009-04-13,3.6921
2009-04-14,3.6334
2009-04-15,3.6128
2009-04-16,3.7298
2009-04-17,3.7903
2009-04-20,3.7007
2009-04-21,3.7393
2009-04-22,3.7317
2009-04-23,3.8511
2009-04-24,3.8051
2009-04-27,3.8306
2009-04-28,3.8051
2009-04-29,3.8432
2009-04-30,3.8643
2009-05-01,3.9076
2009-05-04,4.056
2009-05-05,4.0756
2009-05-06,4.0692
2009-05-07,3.9635
2009-05-08,3.9675
2009-05-11,3.9792
2009-05-12,3.821
2009-05-13,3.6696
2009-05-14,3.7759
2009-05-15,3.7596
2009-05-18,3.8895
2009-05-19,3.9141
2009-05-20,3.8656
2009-05-21,3.8137
2009-05-22,3.7621
2009-05-26,4.0164
2009-05-27,4.0861
2009-05-28,4.1481
2009-05-29,4.1708
2009-06-01,4.2796
2009-06-02,4.2839
2009-06-03,4.3287
2009-06-04,4.4144
2009-06-05,4.4429
2009-06-08,4.4177
2009-06-09,4.383
2009-06-10,4.3072
2009-06-11,4.298
2009-06-12,4.2065
2009-06-15,4.1794
2009-06-16,4.1874
2009-06-17,4.1638
2009-06-18,4.173
2009-06-19,4.2835
2009-06-22,4.2187
2009-06-23,4.1156
2009-06-24,4.1834
2009-06-25,4.2952
2009-06-26,4.3745
2009-06-29,4.36
2009-06-30,4.3741
2009-07-01,4.3864
2009-07-02,4.3001
2009-07-06,4.2568
2009-07-07,4.1582
2009-07-08,4.2141
2009-07-09,4.1877
2009-07-10,4.2541
2009-07-13,4.3714
2009-07-14,4.3692
2009-07-15,4.5108
2009-07-16,4.5305
2009-07-17,4.6604
2009-07-20,4.696
2009-07-21,4.653
2009-07-22,4.8136
2009-07-23,4.8468
2009-07-24,4.9134
2009-07-27,4.9168
2009-07-28,4.9137
2009-07-29,4.9147
2009-07-30,4.9994
2009-07-31,5.0178
2009-08-03,5.1112
2009-08-04,5.0842
2009-08-05,5.0707
2009-08-06,5.0338
2009-08-07,5.0829
2009-08-10,5.0587
2009-08-11,5.0006
2009-08-12,5.0768
2009-08-13,5.1723
2009-08-14,5.122
2009-08-17,4.9011
2009-08-18,5.0366
2009-08-19,5.055
2009-08-20,5.1081
2009-08-21,5.1969
2009-08-24,5.192
2009-08-25,5.2024
2009-08-26,5.1413
2009-08-27,5.2039
2009-08-28,5.2224
2009-08-31,5.1659
2009-09-01,5.0765
2009-09-02,5.0728
2009-09-03,5.1149
2009-09-04,5.2304
2009-09-08,5.3108
2009-09-09,5.2558
2009-09-10,5.2995
2009-09-11,5.2872
2009-09-14,5.3351
2009-09-15,5.3793
2009-09-16,5.5854
2009-09-17,5.6677
2009-09-18,5.6821
2009-09-21,5.6514
2009-09-22,5.6655
2009-09-23,5.6969
2009-09-24,5.6453
2009-09-25,5.6007
2009-09-28,5.7168
2009-09-29,5.6932
2009-09-30,5.6922
2009-10-01,5.5544
2009-10-02,5.6784
2009-10-05,5.7128
2009-10-06,5.8354
2009-10-07,5.8427
2009-10-08,5.8126
2009-10-09,5.8495
2009-10-12,5.8599
2009-10-13,5.8357
2009-10-14,5.8747
2009-10-15,5.8523
2009-10-16,5.7752
2009-10-19,5.8308
2009-10-20,6.1041
2009-10-21,6.2933
2009-10-22,6.3019
2009-10-23,6.2632
2009-10-26,6.2183
2009-10-27,6.0614
2009-10-28,5.9088
2009-10-29,6.0301
2009-10-30,5.789
2009-11-02,5.8139
2009-11-03,5.7967
2009-11-04,5.8599
2009-11-05,5.9588
2009-11-06,5.9683
2009-11-09,6.187
2009-11-10,6.2337
2009-11-11,6.242
2009-11-12,6.2033
2009-11-13,6.2788
2009-11-16,6.3458
2009-11-17,6.3571
2009-11-18,6.3252
2009-11-19,6.1578
2009-11-20,6.1397
2009-11-23,6.3227
2009-11-24,6.2785
2009-11-25,6.2708
2009-11-27,6.1603
2009-11-30,6.1394
2009-12-01,6.0491
2009-12-02,6.0264
2009-12-03,6.0341
2009-12-04,5.937
2009-12-07,5.8028
2009-12-08,5.8311
2009-12-09,6.0746
2009-12-10,6.0325
2009-12-11,5.9785
2009-12-14,6.0494
2009-12-15,5.9631
2009-12-16,5.9895
2009-12-17,5.8922
2009-12-18,6.0018
2009-12-21,6.0878
2009-12-22,6.1532
2009-12-23,6.2067
2009-12-24,6.4198
2009-12-28,6.4987
2009-12-29,6.4216
2009-12-30,6.4996
2009-12-31,6.4717
2010-01-04,6.5724
2010-01-05,6.5838
2010-01-06,6.4791
2010-01-07,6.4671
2010-01-08,6.5101
2010-01-11,6.4527
2010-01-12,6.3793
2010-01-13,6.4692
2010-01-14,6.4318
2010-01-15,6.3243
2010-01-19,6.6041
2010-01-20,6.5024
2010-01-21,6.39
2010-01-22,6.0731
2010-01-25,6.2364
2010-01-26,6.3246
2010-01-27,6.3842
2010-01-28,6.1204
2010-01-29,5.8983
2010-02-01,5.9803
2010-02-02,6.015
2010-02-03,6.1185
2010-02-04,5.898
2010-02-05,6.0027
2010-02-08,5.9616
2010-02-09,6.0252
2010-02-10,5.9923
2010-02-11,6.1013
2010-02-12,6.1538
2010-02-16,6.2466
2010-02-17,6.2205
2010-02-18,6.2321
2010-02-19,6.1934
2010-02-22,6.1551
2010-02-23,6.0519
2010-02-24,6.1624
2010-02-25,6.2036
2010-02-26,6.284
2010-03-01,6.4183
2010-03-02,6.414
2010-03-03,6.4287
2010-03-04,6.4711
2010-03-05,6.7241
2010-03-08,6.7281
2010-03-09,6.8491
2010-03-10,6.905
2010-03-11,6.9253
2010-03-12,6.9591
2010-03-15,6.8743
2010-03-16,6.893
2010-03-17,6.8829
2010-03-18,6.8992
2010-03-19,6.8255
2010-03-22,6.9023
2010-03-23,7.0131
2010-03-24,7.0441
2010-03-25,6.9606
2010-03-26,7.0911
2010-03-29,7.1369
2010-03-30,7.2431
2010-03-31,7.217
2010-04-01,7.2468
2010-04-05,7.3242
2010-04-06,7.3565
2010-04-07,7.389
2010-04-08,7.3691
2010-04-09,7.4256
2010-04-12,7.4409
2010-04-13,7.4452
2010-04-14,7.5453
2010-04-15,7.6445
2010-04-16,7.5979
2010-04-19,7.5877
2010-04-20,7.5116
2010-04-21,7.9609
2010-04-22,8.1835
2010-04-23,8.3174
2010-04-26,8.2766
2010-04-27,8.0475
2010-04-28,8.0339
2010-04-29,8.2502
2010-04-30,8.0183
2010-05-03,8.1798
2010-05-04,7.9443
2010-05-05,7.8617
2010-05-06,7.5625
2010-05-07,7.2435
2010-05-10,7.8002
2010-05-11,7.8779
2010-05-12,8.049
2010-05-13,7.9344
2010-05-14,7.795
2010-05-17,7.8073
2010-05-18,7.7502
2010-05-19,7.6267
2010-05-20,7.3018
2010-05-21,7.4418
2010-05-24,7.5782
2010-05-25,7.5309
2010-05-26,7.4968
2010-05-27,7.7806
2010-05-28,7.889
2010-06-01,8.0103
2010-06-02,8.1061
2010-06-03,8.0806
2010-06-04,7.8607
2010-06-07,7.7066
2010-06-08,7.6571
2010-06-09,7.4689
2010-06-10,7.6934
2010-06-11,7.7855
2010-06-14,7.8091
2010-06-15,7.9753
2010-06-16,8.2075
2010-06-17,8.3493
2010-06-18,8.4169
2010-06-21,8.2971
2010-06-22,8.4102
2010-06-23,8.3217
2010-06-24,8.2612
2010-06-25,8.1906
2010-06-28,8.2397
2010-06-29,7.8672
2010-06-30,7.7247
2010-07-01,7.631
2010-07-02,7.5837
2010-07-06,7.6356
2010-07-07,7.944
2010-07-08,7.9262
2010-07-09,7.9731
2010-07-12,7.9016
2010-07-13,7.733
2010-07-14,7.7615
2010-07-15,7.7222
2010-07-16,7.6746
2010-07-19,7.542
2010-07-20,7.7357
2010-07-21,7.8079
2010-07-22,7.9547
2010-07-23,7.983
2010-07-26,7.9627
2010-07-27,8.1101
2010-07-28,8.0143
2010-07-29,7.9268
2010-07-30,7.9004
2010-08-02,8.0416
2010-08-03,8.0441
2010-08-04,8.0763
2010-08-05,8.037
2010-08-06,7.9876
2010-08-09,8.0386
2010-08-10,7.9667
2010-08-11,7.6835
2010-08-12,7.7327
2010-08-13,7.6501
2010-08-16,7.6052
2010-08-17,7.7382
2010-08-18,7.772
2010-08-19,7.674
2010-08-20,7.6666
2010-08-23,7.5487
2010-08-24,7.3684
2010-08-25,7.4594
2010-08-26,7.3792
2010-08-27,7.4203
2010-08-30,7.4474
2010-08-31,7.4658
2010-09-01,7.6878
2010-09-02,7.7443
2010-09-03,7.947
2010-09-07,7.9176
2010-09-08,8.0745
2010-09-09,8.0791
2010-09-10,8.0895
2010-09-13,8.201
2010-09-14,8.2323
2010-09-15,8.2987
2010-09-16,8.4937
2010-09-17,8.4568
2010-09-20,8.6982
2010-09-21,8.7148
2010-09-22,8.837
2010-09-23,8.873
2010-09-24,8.9774
2010-09-27,8.9418
2010-09-28,8.8097
2010-09-29,8.8254
2010-09-30,8.7142
2010-10-01,8.6764
2010-10-04,8.5573
2010-10-05,8.8736
2010-10-06,8.8813
2010-10-07,8.8822
2010-10-08,9.0311
2010-10-11,9.0707
2010-10-12,9.1684
2010-10-13,9.2175
2010-10-14,9.2842
2010-10-15,9.6659
2010-10-18,9.766
2010-10-19,9.5047
2010-10-20,9.5366
2010-10-21,9.5056
2010-10-22,9.4427
2010-10-25,9.4847
2010-10-26,9.4605
2010-10-27,9.4537
2010-10-28,9.3742
2010-10-29,9.2433
2010-11-01,9.3416
2010-11-02,9.5007
2010-11-03,9.6063
2010-11-04,9.7743
2010-11-05,9.7393
2010-11-08,9.7851
2010-11-09,9.7071
2010-11-10,9.767
2010-11-11,9.7246
2010-11-12,9.4599
2010-11-15,9.4294
2010-11-16,9.2621
2010-11-17,9.2286
2010-11-18,9.4721
2010-11-19,9.4199
2010-11-22,9.6235
2010-11-23,9.4813
2010-11-24,9.6678
2010-11-26,9.6739
2010-11-29,9.7313
2010-11-30,9.5557
2010-12-01,9.7169
2010-12-02,9.7706
2010-12-03,9.7488
2010-12-06,9.8321
2010-12-07,9.7725
2010-12-08,9.8585
2010-12-09,9.8201
2010-12-10,9.8447
2010-12-13,9.8787
2010-12-14,9.8364
2010-12-15,9.8385
2010-12-16,9.8658
2010-12-17,9.8462
2010-12-20,9.8953
2010-12-21,9.9564
2010-12-22,9.9859
2010-12-23,9.938
2010-12-27,9.9712
2010-12-28,9.9955
2010-12-29,9.9899
2010-12-30,9.9399
2010-12-31,9.9061
2011-01-03,10.1214
2011-01-04,10.1742
2011-01-05,10.2574
2011-01-06,10.2491
2011-01-07,10.3225
2011-01-10,10.5169
2011-01-11,10.492
2011-01-12,10.5774
2011-01-13,10.6161
2011-01-14,10.7021
2011-01-18,10.4616
2011-01-19,10.4061
2011-01-20,10.2169
2011-01-21,10.0338
2011-01-24,10.3634
2011-01-25,10.4847
2011-01-26,10.5599
2011-01-27,10.5403
2011-01-28,10.3219
2011-01-31,10.4208
2011-02-01,10.5962
2011-02-02,10.5743
2011-02-03,10.5473
2011-02-04,10.6413
2011-02-07,10.8065
2011-02-08,10.9085
2011-02-09,10.9994
2011-02-10,10.8882
2011-02-11,10.9592
2011-02-14,11.0307
2011-02-15,11.0528
2011-02-16,11.152
2011-02-17,11.0037
2011-02-18,10.766
2011-02-22,10.399
2011-02-23,10.5221
2011-02-24,10.5301
2011-02-25,10.6923
2011-02-28,10.8474
2011-03-01,10.7276
2011-03-02,10.8139
2011-03-03,11.0424
2011-03-04,11.0559
2011-03-07,10.9134
2011-03-08,10.9257
2011-03-09,10.8246
2011-03-10,10.6465
2011-03-11,10.8099
2011-03-14,10.8581
2011-03-15,10.6084
2011-03-16,10.1349
2011-03-17,10.2771
2011-03-18,10.1551
2011-03-21,10.4202
2011-03-22,10.4785
2011-03-23,10.4168
2011-03-24,10.5943
2011-03-25,10.7961
2011-03-28,10.7623
2011-03-29,10.7783
2011-03-30,10.7067
2011-03-31,10.703
2011-04-01,10.5817
2011-04-04,10.4782
2011-04-05,10.4076
2011-04-06,10.3815
2011-04-07,10.3827
2011-04-08,10.29
2011-04-11,10.1591
2011-04-12,10.2083
2011-04-13,10.3228
2011-04-14,10.2089
2011-04-15,10.0566
2011-04-18,10.1914
2011-04-19,10.376
2011-04-20,10.5157
2011-04-21,10.7703
2011-04-25,10.8412
2011-04-26,10.7617
2011-04-27,10.7534
2011-04-28,10.649
2011-04-29,10.7528
2011-05-02,10.6345
2011-05-03,10.6935
2011-05-04,10.7356
2011-05-05,10.649
2011-05-06,10.6462
2011-05-09,10.6751
2011-05-10,10.7319
2011-05-11,10.6637
2011-05-12,10.6434
2011-05-13,10.457
2011-05-16,10.2359
2011-05-17,10.3231
2011-05-18,10.4377
2011-05-19,10.458
2011-05-20,10.2949
2011-05-23,10.2697
2011-05-24,10.2018
2011-05-25,10.3428
2011-05-26,10.2881
2011-05-27,10.3621
2011-05-31,10.6821
2011-06-01,10.6109
2011-06-02,10.629
2011-06-03,10.5473
2011-06-06,10.3815
2011-06-07,10.1972
2011-06-08,10.2034
2011-06-09,10.1803
2011-06-10,10.0087
2011-06-13,10.0302
2011-06-14,10.2095
2011-06-15,10.0348
2011-06-16,9.9859
2011-06-17,9.8354
2011-06-20,9.6837
2011-06-21,9.9902
2011-06-22,9.9076
2011-06-23,10.1723
2011-06-24,10.0225
2011-06-27,10.1972
2011-06-28,10.2961
2011-06-29,10.2586
2011-06-30,10.3087
2011-07-01,10.5418
2011-07-05,10.7313
2011-07-06,10.8028
2011-07-07,10.9699
2011-07-08,11.047
2011-07-11,10.8716
2011-07-12,10.864
2011-07-13,10.9951
2011-07-14,10.9874
2011-07-15,11.207
2011-07-18,11.4797
2011-07-19,11.5734
2011-07-20,11.882
2011-07-21,11.894
2011-07-22,12.0786
2011-07-25,12.2383
2011-07-26,12.3891
2011-07-27,12.0568
2011-07-28,12.0331
2011-07-29,11.992
2011-08-01,12.1845
2011-08-02,11.9437
2011-08-03,12.0561
2011-08-04,11.5893
2011-08-05,11.4742
2011-08-08,10.8474
2011-08-09,11.4862
2011-08-10,11.1692
2011-08-11,11.4766
2011-08-12,11.5777
2011-08-15,11.7748
2011-08-16,11.6849
2011-08-17,11.6836
2011-08-18,11.2417
2011-08-19,10.934
2011-08-22,10.9466
2011-08-23,11.4736
2011-08-24,11.5528
2011-08-25,11.4772
2011-08-26,11.7801
2011-08-29,11.9763
2011-08-30,11.9769
2011-08-31,11.8184
2011-09-01,11.7017
2011-09-02,11.4874
2011-09-06,11.6621
2011-09-07,11.7908
2011-09-08,11.7973
2011-09-09,11.5927
2011-09-12,11.6683
2011-09-13,11.812
2011-09-14,11.9557
2011-09-15,12.0681
2011-09-16,12.2997
2011-09-19,12.6415
2011-09-20,12.6974
2011-09-21,12.6572
2011-09-22,12.3402
2011-09-23,12.4164
2011-09-26,12.3817
2011-09-27,12.2616
2011-09-28,12.1925
2011-09-29,11.9947
2011-09-30,11.7107
2011-10-03,11.5043
2011-10-04,11.4398
2011-10-05,11.6164
2011-10-06,11.5893
2011-10-07,11.3569
2011-10-10,11.9407
2011-10-11,12.2932
2011-10-12,12.3516
2011-10-13,12.5432
2011-10-14,12.96
2011-10-17,12.8982
2011-10-18,12.9673
2011-10-19,12.2419
2011-10-20,12.1403
2011-10-21,12.0654
2011-10-24,12.4615
2011-10-25,12.2158
2011-10-26,12.3028
2011-10-27,12.4284
2011-10-28,12.4363
2011-10-31,12.4311
2011-11-01,12.1771
2011-11-02,12.2048
2011-11-03,12.3786
2011-11-04,12.2917
2011-11-07,12.276
2011-11-08,12.4757
2011-11-09,12.1394
2011-11-10,11.8304
2011-11-11,11.812
2011-11-14,11.6474
2011-11-15,11.9413
2011-11-16,11.8166
2011-11-17,11.5906
2011-11-18,11.5147
2011-11-21,11.3326
2011-11-22,11.5629
2011-11-23,11.2706
2011-11-25,11.1655
2011-11-28,11.551
2011-11-29,11.4613
2011-11-30,11.7377
2011-12-01,11.9136
2011-12-02,11.968
2011-12-05,12.0697
2011-12-06,12.0064
2011-12-07,11.9493
2011-12-08,11.9975
2011-12-09,12.0884
2011-12-12,12.0337
2011-12-13,11.9407
2011-12-14,11.6759
2011-12-15,11.6376
2011-12-16,11.7014
2011-12-19,11.738
2011-12-20,12.1599
2011-12-21,12.1753
2011-12-22,12.2398
2011-12-23,12.3866
2011-12-27,12.4849
2011-12-28,12.3654
2011-12-29,12.4416
2011-12-30,12.4379
2012-01-03,12.6292
2012-01-04,12.6971
2012-01-05,12.838
2012-01-06,12.9722
2012-01-09,12.9517
2012-01-10,12.998
2012-01-11,12.9769
2012-01-12,12.9412
2012-01-13,12.8927
2012-01-17,13.0429
2012-01-18,13.1783
2012-01-19,13.1366
2012-01-20,12.9078
2012-01-23,13.1261
2012-01-24,12.9111
2012-01-25,13.7173
2012-01-26,13.655
2012-01-27,13.7363
2012-01-30,13.9123
2012-01-31,14.0189
2012-02-01,14.01
2012-02-02,13.9771
2012-02-03,14.1171
2012-02-06,14.2489
2012-02-07,14.3982
2012-02-08,14.6392
2012-02-09,15.1457
2012-02-10,15.1533
2012-02-13,15.4353
2012-02-14,15.6459
2012-02-15,15.2839
2012-02-16,15.4233
2012-02-17,15.4205
2012-02-21,15.8115
2012-02-22,15.7559
2012-02-23,15.8588
2012-02-24,16.0436
2012-02-27,16.1465
2012-02-28,16.4429
2012-02-29,16.6588
2012-03-01,16.7211
2012-03-02,16.7429
2012-03-05,16.3738
2012-03-06,16.2847
2012-03-07,16.2979
2012-03-08,16.6449
2012-03-09,16.7426
2012-03-12,16.9524
2012-03-13,17.4468
2012-03-14,18.1065
2012-03-15,17.983
2012-03-16,17.9833
2012-03-19,18.4603
2012-03-20,18.6095
2012-03-21,18.5033
2012-03-22,18.4062
2012-03-23,18.3052
2012-03-26,18.6409
2012-03-27,18.8712
2012-03-28,18.9676
2012-03-29,18.7293
2012-03-30,18.4127
2012-04-02,18.9986
2012-04-03,19.3269
2012-04-04,19.1731
2012-04-05,19.4608
2012-04-09,19.5391
2012-04-10,19.2999
2012-04-11,19.2311
2012-04-12,19.1258
2012-04-13,18.5871
2012-04-16,17.8163
2012-04-17,18.7244
2012-04-18,18.6826
2012-04-19,18.0408
2012-04-20,17.5967
2012-04-23,17.5574
2012-04-24,17.2067
2012-04-25,18.7336
2012-04-26,18.663
2012-04-27,18.5186
2012-04-30,17.9345
2012-05-01,17.8777
2012-05-02,17.9959
2012-05-03,17.8682
2012-05-04,17.3593
2012-05-07,17.4892
2012-05-08,17.4493
2012-05-09,17.48
2012-05-10,17.5211
2012-05-11,17.4041
2012-05-14,17.1434
2012-05-15,16.9883
2012-05-16,16.7706
2012-05-17,16.2804
2012-05-18,16.2884
2012-05-21,17.2374
2012-05-22,17.105
2012-05-23,17.5224
2012-05-24,17.3614
2012-05-25,17.2684
2012-05-29,17.5749
2012-05-30,17.7868
2012-05-31,17.7426
2012-06-01,17.2285
2012-06-04,17.3298
2012-06-05,17.285
2012-06-06,17.55
2012-06-07,17.558
2012-06-08,17.8221
2012-06-11,17.5411
2012-06-12,17.6943
2012-06-13,17.5715
2012-06-14,17.5522
2012-06-15,17.632
2012-06-18,17.9898
2012-06-19,18.0398
2012-06-20,17.9886
2012-06-21,17.7407
2012-06-22,17.8768
2012-06-25,17.5288
2012-06-26,17.5675
2012-06-27,17.6434
2012-06-28,17.476
2012-06-29,17.9351
2012-07-02,18.1968
2012-07-03,18.4084
2012-07-05,18.7318
2012-07-06,18.6071
2012-07-09,18.8531
2012-07-10,18.6786
2012-07-11,18.5625
2012-07-12,18.3927
2012-07-13,18.5791
2012-07-16,18.6387
2012-07-17,18.6396
2012-07-18,18.6187
2012-07-19,18.8663
2012-07-20,18.5585
2012-07-23,18.5441
2012-07-24,18.4547
2012-07-25,17.6578
2012-07-26,17.655
2012-07-27,17.9707
2012-07-30,18.2739
2012-07-31,18.7569
2012-08-01,18.6356
2012-08-02,18.6657
2012-08-03,18.9086
2012-08-06,19.119
2012-08-07,19.0687
2012-08-08,19.0364
2012-08-09,19.145
2012-08-10,19.1749
2012-08-13,19.4309
2012-08-14,19.483
2012-08-15,19.4565
2012-08-16,19.6264
2012-08-17,19.9894
2012-08-20,20.515
2012-08-21,20.2346
2012-08-22,20.6297
2012-08-23,20.4373
2012-08-24,20.4555
2012-08-27,20.8398
2012-08-28,20.8126
2012-08-29,20.7716
2012-08-30,20.4755
2012-08-31,20.5178
2012-09-04,20.8179
2012-09-05,20.6717
2012-09-06,20.858
2012-09-07,20.9866
2012-09-10,20.4407
2012-09-11,20.3744
2012-09-12,20.6581
2012-09-13,21.0649
2012-09-14,21.3209
2012-09-17,21.5831
2012-09-18,21.6488
2012-09-19,21.6546
2012-09-20,21.5498
2012-09-21,21.5926
2012-09-24,21.3058
2012-09-25,20.7738
2012-09-26,20.5159
2012-09-27,21.0137
2012-09-28,20.5751
2012-10-01,20.3373
2012-10-02,20.3966
2012-10-03,20.7093
2012-10-04,20.5659
2012-10-05,20.1276
2012-10-08,19.6829
2012-10-09,19.6113
2012-10-10,19.7674
2012-10-11,19.3723
2012-10-12,19.4219
2012-10-15,19.5777
2012-10-16,20.0413
2012-10-17,19.8815
2012-10-18,19.5123
2012-10-19,18.8091
2012-10-22,19.5552
2012-10-23,18.9177
2012-10-24,19.0247
2012-10-25,18.7998
2012-10-26,18.629
2012-10-31,18.3613
2012-11-01,18.3989
2012-11-02,17.7901
2012-11-05,18.0312
2012-11-06,17.9767
2012-11-07,17.2888
2012-11-08,16.6614
2012-11-09,16.9499
2012-11-12,16.8188
2012-11-13,16.821
2012-11-14,16.6344
2012-11-15,16.2856
2012-11-16,16.3494
2012-11-19,17.5283
2012-11-20,17.379
2012-11-21,17.4035
2012-11-23,17.7071
2012-11-26,18.2657
2012-11-27,18.1186
2012-11-28,18.0615
2012-11-29,18.2605
2012-11-30,18.1341
2012-12-03,18.1622
2012-12-04,17.8419
2012-12-05,16.6936
2012-12-06,16.9554
2012-12-07,16.522
2012-12-10,16.4157
2012-12-11,16.7742
2012-12-12,16.7001
2012-12-13,16.4117
2012-12-14,15.7951
2012-12-17,16.0752
2012-12-18,16.5421
2012-12-19,16.307
2012-12-20,16.165
2012-12-21,16.0907
2012-12-24,16.1167
2012-12-26,15.8946
2012-12-27,15.9584
2012-12-28,15.7889
2012-12-31,16.4885
2013-01-02,17.0109
2013-01-03,16.7962
2013-01-04,16.3283
2013-01-07,16.2323
2013-01-08,16.276
2013-01-09,16.0216
2013-01-10,16.2202
2013-01-11,16.1207
2013-01-14,15.546
2013-01-15,15.0555
2013-01-16,15.6805
2013-01-17,15.5748
2013-01-18,15.4918
2013-01-22,15.6396
2013-01-23,15.9259
2013-01-24,13.9581
2013-01-25,13.629
2013-01-28,13.9373
2013-01-29,14.1988
2013-01-30,14.1542
2013-01-31,14.1127
2013-02-01,14.0548
2013-02-04,13.7046
2013-02-05,14.1855
2013-02-06,14.1703
2013-02-07,14.5917
2013-02-08,14.8023
2013-02-11,14.9566
2013-02-12,14.5817
2013-02-13,14.554
2013-02-14,14.5409
2013-02-15,14.3405
2013-02-19,14.3352
2013-02-20,13.988
2013-02-21,13.9011
2013-02-22,14.0491
2013-02-25,13.7995
2013-02-26,13.9918
2013-02-27,13.8546
2013-02-28,13.7558
2013-03-01,13.4152
2013-03-04,13.0905
2013-03-05,13.4361
2013-03-06,13.2653
2013-03-07,13.4186
2013-03-08,13.4542
2013-03-11,13.6458
2013-03-12,13.3516
2013-03-13,13.3492
2013-03-14,13.4785
2013-03-15,13.8263
2013-03-18,14.2021
2013-03-19,14.1638
2013-03-20,14.0887
2013-03-21,14.1089
2013-03-22,14.395
2013-03-25,14.4471
2013-03-26,14.371
2013-03-27,14.0887
2013-03-28,13.7951
2013-04-01,13.3666
2013-04-02,13.394
2013-04-03,13.4626
2013-04-04,13.3295
2013-04-05,13.1887
2013-04-08,13.2825
2013-04-09,13.3065
2013-04-10,13.5779
2013-04-11,13.5355
2013-04-12,13.3943
2013-04-15,13.0843
2013-04-16,13.2834
2013-04-17,12.5529
2013-04-18,12.2179
2013-04-19,12.1705
2013-04-22,12.4242
2013-04-23,12.6567
2013-04-24,12.6358
2013-04-25,12.7268
2013-04-26,13.0017
2013-04-29,13.4043
2013-04-30,13.7988
2013-05-01,13.6901
2013-05-02,13.8842
2013-05-03,14.0232
2013-05-06,14.3576
2013-05-07,14.2937
2013-05-08,14.4552
2013-05-09,14.3291
2013-05-10,14.2098
2013-05-13,14.2654
2013-05-14,13.9241
2013-05-15,13.4532
2013-05-16,13.6329
2013-05-17,13.5915
2013-05-20,13.8949
2013-05-21,13.7923
2013-05-22,13.8453
2013-05-23,13.8701
2013-05-24,13.9645
2013-05-28,13.8482
2013-05-29,13.9583
2013-05-30,14.1662
2013-05-31,14.1082
2013-06-03,14.1393
2013-06-04,14.095
2013-06-05,13.9633
2013-06-06,13.7547
2013-06-07,13.8598
2013-06-10,13.7682
2013-06-11,13.7277
2013-06-12,13.558
2013-06-13,13.6762
2013-06-14,13.4908
2013-06-17,13.552
2013-06-18,13.5448
2013-06-19,13.2697
2013-06-20,13.0764
2013-06-21,12.9717
2013-06-24,12.6278
2013-06-25,12.6307
2013-06-26,12.4876
2013-06-27,12.353
2013-06-28,12.4393
2013-07-01,12.8374
2013-07-02,13.1282
2013-07-03,13.2007
2013-07-05,13.0946
2013-07-08,13.0203
2013-07-09,13.2493
2013-07-10,13.1985
2013-07-11,13.4043
2013-07-12,13.3798
2013-07-15,13.409
2013-07-16,13.4955
2013-07-17,13.499
2013-07-18,13.5445
2013-07-19,13.3309
2013-07-22,13.3735
2013-07-23,13.1439
2013-07-24,13.819
2013-07-25,13.7559
2013-07-26,13.834
2013-07-29,14.0473
2013-07-30,14.2208
2013-07-31,14.196
2013-08-01,14.3262
2013-08-02,14.5101
2013-08-05,14.7268
2013-08-06,14.5951
2013-08-07,14.5866
2013-08-08,14.5576
2013-08-09,14.3504
2013-08-12,14.7581
2013-08-13,15.4594
2013-08-14,15.7414
2013-08-15,15.7228
2013-08-16,15.8623
2013-08-19,16.0332
2013-08-20,15.8225
2013-08-21,15.8633
2013-08-22,15.8822
2013-08-23,15.821
2013-08-26,15.8825
2013-08-27,15.4285
2013-08-28,15.5014
2013-08-29,15.5267
2013-08-30,15.3852
2013-09-03,15.4281
2013-09-04,15.7474
2013-09-05,15.6394
2013-09-06,15.7326
2013-09-09,15.9836
2013-09-10,15.6195
2013-09-11,14.7691
2013-09-12,14.9264
2013-09-13,14.6804
2013-09-16,14.2137
2013-09-17,14.3779
2013-09-18,14.6734
2013-09-19,14.9141
2013-09-20,14.7597
2013-09-23,15.4932
2013-09-24,15.4446
2013-09-25,15.2055
2013-09-26,15.3536
2013-09-27,15.2441
2013-09-30,15.0546
2013-10-01,15.4086
2013-10-02,15.4591
2013-10-03,15.2649
2013-10-04,15.2529
2013-10-07,15.4019
2013-10-08,15.1869
2013-10-09,15.3653
2013-10-10,15.4616
2013-10-11,15.5617
2013-10-14,15.6637
2013-10-15,15.7471
2013-10-16,15.8238
2013-10-17,15.9309
2013-10-18,16.0695
2013-10-21,16.4633
2013-10-22,16.4162
2013-10-23,16.5769
2013-10-24,16.7964
2013-10-25,16.6085
2013-10-28,16.7323
2013-10-29,16.3155
2013-10-30,16.575
2013-10-31,16.5056
2013-11-01,16.4213
2013-11-04,16.6335
2013-11-05,16.5924
2013-11-06,16.5454
2013-11-07,16.2776
2013-11-08,16.534
2013-11-11,16.486
2013-11-12,16.5165
2013-11-13,16.5362
2013-11-14,16.7754
2013-11-15,16.6747
2013-11-18,16.4727
2013-11-19,16.5019
2013-11-20,16.3574
2013-11-21,16.5524
2013-11-22,16.5098
2013-11-25,16.635
2013-11-26,16.9418
2013-11-27,17.3407
2013-11-29,17.6618
2013-12-02,17.5081
2013-12-03,17.9874
2013-12-04,17.9455
2013-12-05,18.0376
2013-12-06,17.7873
2013-12-09,17.9909
2013-12-10,17.9629
2013-12-11,17.8299
2013-12-12,17.8038
2013-12-13,17.6097
2013-12-16,17.7073
2013-12-17,17.6275
2013-12-18,17.4935
2013-12-19,17.2931
2013-12-20,17.4379
2013-12-23,18.1071
2013-12-24,18.0303
2013-12-26,17.9105
2013-12-27,17.7895
2013-12-30,17.6126
2013-12-31,17.8191
2014-01-02,17.5685
2014-01-03,17.1826
2014-01-06,17.2762
2014-01-07,17.1527
2014-01-08,17.2613
2014-01-09,17.0409
2014-01-10,16.9272
2014-01-13,17.0158
2014-01-14,17.3544
2014-01-15,17.7028
2014-01-16,17.604
2014-01-17,17.1727
2014-01-21,17.4395
2014-01-22,17.517
2014-01-23,17.6653
2014-01-24,17.3442
2014-01-27,17.4849
2014-01-28,16.0874
2014-01-29,15.9048
2014-01-30,15.874
2014-01-31,15.9
2014-02-03,15.9295
2014-02-04,16.1601
2014-02-05,16.2808
2014-02-06,16.3757
2014-02-07,16.6048
2014-02-10,16.9023
2014-02-11,17.125
2014-02-12,17.1237
2014-02-13,17.3956
2014-02-14,17.3816
2014-02-18,17.4455
2014-02-19,17.17
2014-02-20,16.9713
2014-02-21,16.7828
2014-02-24,16.8563
2014-02-25,16.6809
2014-02-26,16.5304
2014-02-27,16.8601
2014-02-28,16.8144
2014-03-03,16.863
2014-03-04,16.9742
2014-03-05,17.01
2014-03-06,16.9585
2014-03-07,16.9486
2014-03-10,16.964
2014-03-11,17.1292
2014-03-12,17.1458
2014-03-13,16.9553
2014-03-14,16.7649
2014-03-17,16.8304
2014-03-18,16.9793
2014-03-19,16.9748
2014-03-20,16.893
2014-03-21,17.0263
2014-03-24,17.2282
2014-03-25,17.4135
2014-03-26,17.2471
2014-03-27,17.1729
2014-03-28,17.1538
2014-03-31,17.1499
2014-04-01,17.3068
2014-04-02,17.3356
2014-04-03,17.2154
2014-04-04,16.9927
2014-04-07,16.7259
2014-04-08,16.725
2014-04-09,16.9448
2014-04-10,16.7262
2014-04-11,16.6026
2014-04-14,16.6687
2014-04-15,16.5499
2014-04-16,16.5834
2014-04-17,16.7729
2014-04-21,16.972
2014-04-22,16.9889
2014-04-23,16.7668
2014-04-24,18.1414
2014-04-25,18.2746
2014-04-28,18.9824
2014-04-29,18.9261
2014-04-30,18.8546
2014-05-01,18.899
2014-05-02,18.9341
2014-05-05,19.2019
2014-05-06,18.9926
2014-05-07,18.9261
2014-05-08,18.8924
2014-05-09,18.8137
2014-05-12,19.0479
2014-05-13,19.0778
2014-05-14,19.0813
2014-05-15,18.9191
2014-05-16,19.1983
2014-05-19,19.4258
2014-05-20,19.4296
2014-05-21,19.481
2014-05-22,19.5119
2014-05-23,19.7323
2014-05-27,20.1018
2014-05-28,20.0497
2014-05-29,20.4151
2014-05-30,20.3386
2014-06-02,20.1988
2014-06-03,20.4845
2014-06-04,20.7184
2014-06-05,20.7997
2014-06-06,20.7425
2014-06-09,21.0744
2014-06-10,21.1981
2014-06-11,21.1104
2014-06-12,20.7573
2014-06-13,20.5301
2014-06-16,20.737
2014-06-17,20.71
2014-06-18,20.7325
2014-06-19,20.6605
2014-06-20,20.4469
2014-06-23,20.4289
2014-06-24,20.3052
2014-06-25,20.3232
2014-06-26,20.4446
2014-06-27,20.6875
2014-06-30,20.9012
2014-07-01,21.0339
2014-07-02,21.0249
2014-07-03,21.1486
2014-07-07,21.5849
2014-07-08,21.4455
2014-07-09,21.4545
2014-07-10,21.3758
2014-07-11,21.4162
2014-07-14,21.6929
2014-07-15,21.4387
2014-07-16,21.3173
2014-07-17,20.9372
2014-07-18,21.2386
2014-07-21,21.1284
2014-07-22,21.3038
2014-07-23,21.8593
2014-07-24,21.8233
2014-07-25,21.9673
2014-07-28,22.2709
2014-07-29,22.127
2014-07-30,22.0752
2014-07-31,21.5017
2014-08-01,21.6209
2014-08-04,21.4995
2014-08-05,21.3938
2014-08-06,21.3578
2014-08-07,21.3555
2014-08-08,21.4143
2014-08-11,21.6968
2014-08-12,21.6923
2014-08-13,21.9794
2014-08-14,22.0381
2014-08-15,22.1466
2014-08-18,22.4133
2014-08-19,22.723
2014-08-20,22.732
2014-08-21,22.7343
2014-08-22,22.9016
2014-08-25,22.9513
2014-08-26,22.8044
2014-08-27,23.0847
2014-08-28,23.1118
2014-08-29,23.1683
2014-09-02,23.3491
2014-09-03,22.3636
2014-09-04,22.1783
2014-09-05,22.3704
2014-09-08,22.2325
2014-09-09,22.1489
2014-09-10,22.8292
2014-09-11,22.9264
2014-09-12,22.9784
2014-09-15,22.9716
2014-09-16,22.7976
2014-09-17,22.9603
2014-09-18,23.0078
2014-09-19,22.8202
2014-09-22,22.8428
2014-09-23,23.1999
2014-09-24,22.9988
2014-09-25,22.1218
2014-09-26,22.7727
2014-09-29,22.6281
2014-09-30,22.7727
2014-10-01,22.4179
2014-10-02,22.5806
2014-10-03,22.5173
2014-10-06,22.5173
2014-10-07,22.3207
2014-10-08,22.784
2014-10-09,22.8338
2014-10-10,22.7682
2014-10-13,22.5603
2014-10-14,22.3207
2014-10-15,22.0472
2014-10-16,21.7579
2014-10-17,22.0766
2014-10-20,22.549
2014-10-21,23.1615
2014-10-22,23.279
2014-10-23,23.6949
2014-10-24,23.7831
2014-10-27,23.7582
2014-10-28,24.1267
2014-10-29,24.2623
2014-10-30,24.1809
2014-10-31,24.4115
2014-11-03,24.7279
2014-11-04,24.5471
2014-11-05,24.6059
2014-11-06,24.6762
2014-11-07,24.7466
2014-11-10,24.7057
2014-11-11,24.9032
2014-11-12,25.2551
2014-11-13,25.6115
2014-11-14,25.9202
2014-11-17,25.8771
2014-11-18,26.2131
2014-11-19,26.0315
2014-11-20,26.4038
2014-11-21,26.4401
2014-11-24,26.9305
2014-11-25,26.6966
2014-11-26,27.0144
2014-11-28,26.9986
2014-12-01,26.1223
2014-12-02,26.0224
2014-12-03,26.3175
2014-12-04,26.2176
2014-12-05,26.1064
2014-12-08,25.5162
2014-12-09,25.9066
2014-12-10,25.414
2014-12-11,25.3391
2014-12-12,24.91
2014-12-15,24.5695
2014-12-16,24.2336
2014-12-17,24.8374
2014-12-18,25.5729
2014-12-19,25.3754
2014-12-22,25.6388
2014-12-23,25.548
2014-12-24,25.4276
2014-12-26,25.8771
2014-12-29,25.859
2014-12-30,25.5434
2014-12-31,25.0576
2015-01-02,24.8192
2015-01-05,24.12
2015-01-06,24.1223
2015-01-07,24.4606
2015-01-08,25.4004
2015-01-09,25.4276
2015-01-12,24.8011
2015-01-13,25.0213
2015-01-14,24.9259
2015-01-15,24.2494
2015-01-16,24.061
2015-01-20,24.6808
2015-01-21,24.8692
2015-01-22,25.5162
2015-01-23,25.6478
2015-01-26,25.6751
2015-01-27,24.7761
2015-01-28,26.1768
2015-01-29,26.9917
2015-01-30,26.5968
2015-02-02,26.9305
2015-02-03,26.935
2015-02-04,27.1416
2015-02-05,27.3353
2015-02-06,27.1051
2015-02-09,27.2852
2015-02-10,27.8093
2015-02-11,28.4612
2015-02-12,28.8213
2015-02-13,28.9626
2015-02-17,29.1335
2015-02-18,29.3363
2015-02-19,29.2748
2015-02-20,29.5141
2015-02-23,30.3118
2015-02-24,30.1226
2015-02-25,29.3523
2015-02-26,29.7238
2015-02-27,29.2771
2015-03-02,29.4207
2015-03-03,29.4822
2015-03-04,29.2953
2015-03-05,28.8099
2015-03-06,28.8532
2015-03-09,28.9762
2015-03-10,28.3768
2015-03-11,27.8595
2015-03-12,28.3632
2015-03-13,28.1672
2015-03-16,28.4771
2015-03-17,28.9534
2015-03-18,29.2794
2015-03-19,29.0583
2015-03-20,28.6936
2015-03-23,28.9922
2015-03-24,28.8737
2015-03-25,28.1193
2015-03-26,28.3153
2015-03-27,28.0897
2015-03-30,28.8007
2015-03-31,28.3586
2015-04-01,28.3176
2015-04-02,28.5614
2015-04-06,29.0241
2015-04-07,28.7187
2015-04-08,28.6253
2015-04-09,28.8441
2015-04-10,28.9671
2015-04-13,28.9101
2015-04-14,28.7848
2015-04-15,28.8942
2015-04-16,28.7552
2015-04-17,28.4315
2015-04-20,29.0811
2015-04-21,28.9238
2015-04-22,29.3135
2015-04-23,29.5528
2015-04-24,29.6919
2015-04-27,30.232
2015-04-28,29.7557
2015-04-29,29.3181
2015-04-30,28.5227
2015-05-01,29.3888
2015-05-04,29.3318
2015-05-05,28.6708
2015-05-06,28.4908
2015-05-07,28.667
2015-05-08,29.2071
2015-05-11,28.9096
2015-05-12,28.8066
2015-05-13,28.8387
2015-05-14,29.5115
2015-05-15,29.4703
2015-05-18,29.7953
2015-05-19,29.7678
2015-05-20,29.7655
2015-05-21,30.0699
2015-05-22,30.3331
2015-05-26,29.6648
2015-05-27,30.2187
2015-05-28,30.1592
2015-05-29,29.8159
2015-06-01,29.8754
2015-06-02,29.7427
2015-06-03,29.7793
2015-06-04,29.6053
2015-06-05,29.4428
2015-06-08,29.2483
2015-06-09,29.1614
2015-06-10,29.4955
2015-06-11,29.4291
2015-06-12,29.1041
2015-06-15,29.0469
2015-06-16,29.2025
2015-06-17,29.1339
2015-06-18,29.2666
2015-06-19,28.9737
2015-06-22,29.2048
2015-06-23,29.0721
2015-06-24,29.3193
2015-06-25,29.1797
2015-06-26,29.008
2015-06-29,28.4999
2015-06-30,28.7059
2015-07-01,28.9737
2015-07-02,28.9371
2015-07-06,28.8364
2015-07-07,28.7654
2015-07-08,28.0514
2015-07-09,27.4792
2015-07-10,28.2139
2015-07-13,28.7586
2015-07-14,28.7471
2015-07-15,29.024
2015-07-16,29.4108
2015-07-17,29.6648
2015-07-20,30.2256
2015-07-21,29.9235
2015-07-22,28.6579
2015-07-23,28.6441
2015-07-24,28.4931
2015-07-27,28.0972
2015-07-28,28.2368
2015-07-29,28.1475
2015-07-30,28.0056
2015-07-31,27.7607
2015-08-03,27.1062
2015-08-04,26.2365
2015-08-05,26.4105
2015-08-06,26.4679
2015-08-07,26.5576
2015-08-10,27.5232
2015-08-11,26.0909
2015-08-12,26.4932
2015-08-13,26.4725
2015-08-14,26.6587
2015-08-17,26.9346
2015-08-18,26.7829
2015-08-19,26.4403
2015-08-20,25.8978
2015-08-21,24.3138
2015-08-24,23.7069
2015-08-25,23.8494
2015-08-26,25.2173
2015-08-27,25.9599
2015-08-28,26.0449
2015-08-31,25.9231
2015-09-01,24.7644
2015-09-02,25.8265
2015-09-03,25.3736
2015-09-04,25.1207
2015-09-08,25.8196
2015-09-09,25.323
2015-09-10,25.8794
2015-09-11,26.2564
2015-09-14,26.5093
2015-09-15,26.7323
2015-09-16,26.7622
2015-09-17,26.1898
2015-09-18,26.0817
2015-09-21,26.4863
2015-09-22,26.0702
2015-09-23,26.2817
2015-09-24,26.438
2015-09-25,26.3714
2015-09-28,25.8495
2015-09-29,25.0725
2015-09-30,25.3575
2015-10-01,25.192
2015-10-02,25.3759
2015-10-05,25.4679
2015-10-06,25.5897
2015-10-07,25.4679
2015-10-08,25.1736
2015-10-09,25.7759
2015-10-12,25.6564
2015-10-13,25.7001
2015-10-14,25.3368
2015-10-15,25.7162
2015-10-16,25.5277
2015-10-19,25.6863
2015-10-20,26.1553
2015-10-21,26.153
2015-10-22,26.553
2015-10-23,27.376
2015-10-26,26.5024
2015-10-27,26.3346
2015-10-28,27.4197
2015-10-29,27.7094
2015-10-30,27.4726
2015-11-02,27.8588
2015-11-03,28.1784
2015-11-04,28.0473
2015-11-05,27.918
2015-11-06,27.9503
2015-11-09,27.8372
2015-11-10,26.9599
2015-11-11,26.8075
2015-11-12,26.7174
2015-11-13,25.9371
2015-11-16,26.3619
2015-11-17,26.2488
2015-11-18,27.0799
2015-11-19,27.4239
2015-11-20,27.544
2015-11-23,27.1861
2015-11-24,27.447
2015-11-25,27.2508
2015-11-27,27.2
2015-11-30,27.3131
2015-12-01,27.0915
2015-12-02,26.8467
2015-12-03,26.5974
2015-12-04,27.4817
2015-12-07,27.3085
2015-12-08,27.297
2015-12-09,26.6944
2015-12-10,26.8213
2015-12-11,26.131
2015-12-14,25.9694
2015-12-15,25.5099
2015-12-16,25.7062
2015-12-17,25.1613
2015-12-18,24.4802
2015-12-21,24.7804
2015-12-22,24.7573
2015-12-23,25.0759
2015-12-24,24.942
2015-12-28,24.6626
2015-12-29,25.1059
2015-12-30,24.7781
2015-12-31,24.3024
2016-01-04,24.3232
2016-01-05,23.7137
2016-01-06,23.2496
2016-01-07,22.2684
2016-01-08,22.3861
2016-01-11,22.7486
2016-01-12,23.0788
2016-01-13,22.4854
2016-01-14,22.9772
2016-01-15,22.4254
2016-01-19,22.3169
2016-01-20,22.3469
2016-01-21,22.2338
2016-01-22,23.4159
2016-01-25,22.9587
2016-01-26,23.0857
2016-01-27,21.5688
2016-01-28,21.7235
2016-01-29,22.4739
2016-02-01,22.2638
2016-02-02,21.8136
2016-02-03,22.2453
2016-02-04,22.424
2016-02-05,21.8251
2016-02-08,22.055
2016-02-09,22.0503
2016-02-10,21.8832
2016-02-11,21.7509
2016-02-12,21.8182
2016-02-16,22.4333
2016-02-17,22.7769
2016-02-18,22.3451
2016-02-19,22.294
2016-02-22,22.489
2016-02-23,21.9807
2016-02-24,22.308
2016-02-25,22.4612
2016-02-26,22.496
2016-02-29,22.4449
2016-03-01,23.3363
2016-03-02,23.3874
2016-03-03,23.5615
2016-03-04,23.912
2016-03-07,23.6474
2016-03-08,23.4524
2016-03-09,23.4733
2016-03-10,23.4849
2016-03-11,23.7379
2016-03-14,23.7983
2016-03-15,24.2765
2016-03-16,24.5991
2016-03-17,24.5597
2016-03-18,24.5875
2016-03-21,24.5852
2016-03-22,24.7732
2016-03-23,24.6363
2016-03-24,24.5295
2016-03-28,24.4181
2016-03-29,24.9961
2016-03-30,25.4325
2016-03-31,25.3002
2016-04-01,25.5323
2016-04-04,25.7946
2016-04-05,25.4905
2016-04-06,25.7575
2016-04-07,25.1957
2016-04-08,25.2236
2016-04-11,25.3071
2016-04-12,25.6368
2016-04-13,26.0082
2016-04-14,26.0221
2016-04-15,25.4998
2016-04-18,24.9496
2016-04-19,24.8173
2016-04-20,24.8684
2016-04-21,24.5991
2016-04-22,24.5318
2016-04-25,24.3925
2016-04-26,24.2231
2016-04-27,22.7072
2016-04-28,22.0132
2016-04-29,21.7601
2016-05-02,21.7369
2016-05-03,22.0944
2016-05-04,21.8646
2016-05-05,21.7759
2016-05-06,21.6544
2016-05-09,21.6708
2016-05-10,21.8179
2016-05-11,21.6054
2016-05-12,21.0986
2016-05-13,21.1406
2016-05-16,21.9253
2016-05-17,21.8342
2016-05-18,22.0841
2016-05-19,22.0001
2016-05-20,22.2383
2016-05-23,22.5209
2016-05-24,22.8642
2016-05-25,23.2659
2016-05-26,23.4504
2016-05-27,23.4364
2016-05-31,23.3219
2016-06-01,22.995
2016-06-02,22.8221
2016-06-03,22.8688
2016-06-06,23.0347
2016-06-07,23.1281
2016-06-08,23.1071
2016-06-09,23.2729
2016-06-10,23.0814
2016-06-13,22.7334
2016-06-14,22.7614
2016-06-15,22.6867
2016-06-16,22.7824
2016-06-17,22.264
2016-06-20,22.2103
2016-06-21,22.3994
2016-06-22,22.3153
2016-06-23,22.4438
2016-06-24,21.8132
2016-06-27,21.4956
2016-06-28,21.8576
2016-06-29,22.0468
2016-06-30,22.327
2016-07-01,22.3947
2016-07-05,22.1846
2016-07-06,22.3107
2016-07-07,22.4064
2016-07-08,22.5792
2016-07-11,22.6493
2016-07-12,22.7521
2016-07-13,22.6236
2016-07-14,23.072
2016-07-15,23.0697
2016-07-18,23.3149
2016-07-19,23.3243
2016-07-20,23.3453
2016-07-21,23.2215
2016-07-22,23.0417
2016-07-25,22.7334
2016-07-26,22.5769
2016-07-27,24.0436
2016-07-28,24.3682
2016-07-29,24.3379
2016-08-01,24.7676
2016-08-02,24.4009
2016-08-03,24.7069
2016-08-04,24.8595
2016-08-05,25.2375
2016-08-08,25.4465
2016-08-09,25.5498
2016-08-10,25.3596
2016-08-11,25.3432
2016-08-12,25.4019
2016-08-15,25.7072
2016-08-16,25.6837
2016-08-17,25.6461
2016-08-18,25.6132
2016-08-19,25.679
2016-08-22,25.4794
2016-08-23,25.5592
2016-08-24,25.3667
2016-08-25,25.2587
2016-08-26,25.1107
2016-08-29,25.0826
2016-08-30,24.89
2016-08-31,24.9135
2016-09-01,25.0614
2016-09-02,25.2962
2016-09-06,25.2892
2016-09-07,25.4442
2016-09-08,24.7773
2016-09-09,24.2161
2016-09-12,24.7585
2016-09-13,25.3479
2016-09-14,26.2449
2016-09-15,27.1372
2016-09-16,26.9845
2016-09-19,26.6699
2016-09-20,26.6675
2016-09-21,26.6628
2016-09-22,26.9141
2016-09-23,26.4656
2016-09-26,26.5055
2016-09-27,26.5548
2016-09-28,26.7568
2016-09-29,26.3411
2016-09-30,26.5454
2016-10-03,26.421
2016-10-04,26.5337
2016-10-05,26.5454
2016-10-06,26.7427
2016-10-07,26.7826
2016-10-10,27.2499
2016-10-11,27.3086
2016-10-12,27.5528
2016-10-13,27.4682
2016-10-14,27.6209
2016-10-17,27.6021
2016-10-18,27.5833
2016-10-19,27.5011
2016-10-20,27.487
2016-10-21,27.379
2016-10-24,27.6256
2016-10-25,27.7664
2016-10-26,27.1418
2016-10-27,26.8812
2016-10-28,26.7028
2016-10-31,26.6605
2016-11-01,26.1791
2016-11-02,26.2026
2016-11-03,25.9217
2016-11-04,25.6881
2016-11-07,26.0586
2016-11-08,26.212
2016-11-09,26.1696
2016-11-10,25.4403
2016-11-11,25.5913
2016-11-14,24.9494
2016-11-15,25.2798
2016-11-16,25.9595
2016-11-17,25.9501
2016-11-18,25.976
2016-11-21,26.3702
2016-11-22,26.3867
2016-11-23,26.2522
2016-11-25,26.3843
2016-11-28,26.3324
2016-11-29,26.3065
2016-11-30,26.0846
2016-12-01,25.8415
2016-12-02,25.9383
2016-12-05,25.7518
2016-12-06,25.9501
2016-12-07,26.205
2016-12-08,26.4622
2016-12-09,26.8941
2016-12-12,26.7407
2016-12-13,27.1868
2016-12-14,27.1868
2016-12-15,27.3355
2016-12-16,27.3709
2016-12-19,27.529
2016-12-20,27.6022
2016-12-21,27.6281
2016-12-22,27.4464
2016-12-23,27.5007
2016-12-27,27.6754
2016-12-28,27.5573
2016-12-29,27.5503
2016-12-30,27.3355
2017-01-03,27.4134
2017-01-04,27.3827
2017-01-05,27.5219
2017-01-06,27.8288
2017-01-09,28.0837
2017-01-10,28.112
2017-01-11,28.263
2017-01-12,28.145
2017-01-13,28.0955
2017-01-17,28.322
2017-01-18,28.3197
2017-01-19,28.2701
2017-01-20,28.322
2017-01-23,28.3409
2017-01-24,28.315
2017-01-25,28.7657
2017-01-26,28.7799
2017-01-27,28.7823
2017-01-30,28.7067
2017-01-31,28.6407
2017-02-01,30.3872
2017-02-02,30.3353
2017-02-03,30.4651
2017-02-06,30.7507
2017-02-07,31.0433
2017-02-08,31.1637
2017-02-09,31.3889
2017-02-10,31.3178
2017-02-13,31.5951
2017-02-14,32.0052
2017-02-15,32.1213
2017-02-16,32.0834
2017-02-17,32.1711
2017-02-21,32.4034
2017-02-22,32.5006
2017-02-23,32.3631
2017-02-24,32.3939
2017-02-27,32.4579
2017-02-28,32.4721
2017-03-01,33.1359
2017-03-02,32.9391
2017-03-03,33.1335
2017-03-06,33.0292
2017-03-07,33.0719
2017-03-08,32.9486
2017-03-09,32.8727
2017-03-10,32.9818
2017-03-13,32.996
2017-03-14,32.9462
2017-03-15,33.2947
2017-03-16,33.3492
2017-03-17,33.1833
2017-03-20,33.5317
2017-03-21,33.1477
2017-03-22,33.5222
2017-03-23,33.4037
2017-03-24,33.3373
2017-03-27,33.3942
2017-03-28,34.0864
2017-03-29,34.1622
2017-03-30,34.1172
2017-03-31,34.0532
2017-04-03,34.0627
2017-04-04,34.3163
2017-04-05,34.1385
2017-04-06,34.0532
2017-04-07,33.9774
2017-04-10,33.9371
2017-04-11,33.572
2017-04-12,33.6123
2017-04-13,33.4345
2017-04-17,33.6194
2017-04-18,33.4701
2017-04-19,33.3468
2017-04-20,33.764
2017-04-21,33.7237
2017-04-24,34.0485
2017-04-25,34.2594
2017-04-26,34.0579
2017-04-27,34.084
2017-04-28,34.0508
2017-05-01,34.7454
2017-05-02,34.9658
2017-05-03,34.8591
2017-05-04,34.7335
2017-05-05,35.3095
2017-05-08,36.2695
2017-05-09,36.5018
2017-05-10,36.3288
2017-05-11,36.643
2017-05-12,37.1547
2017-05-15,37.0595
2017-05-16,37.0048
2017-05-17,35.7623
2017-05-18,36.3074
2017-05-19,36.4311
2017-05-22,36.6525
2017-05-23,36.6073
2017-05-24,36.4978
2017-05-25,36.6239
2017-05-26,36.562
2017-05-30,36.5763
2017-05-31,36.3597
2017-06-01,36.4597
2017-06-02,37.0
2017-06-05,36.6382
2017-06-06,36.762
2017-06-07,36.981
2017-06-08,36.8905
2017-06-09,35.46
2017-06-12,34.6127
2017-06-13,34.8912
2017-06-14,34.5508
2017-06-15,34.3437
2017-06-16,33.8629
2017-06-19,34.8316
2017-06-20,34.5151
2017-06-21,34.7198
2017-06-22,34.6627
2017-06-23,34.8174
2017-06-26,34.7079
2017-06-27,34.2104
2017-06-28,34.7103
2017-06-29,34.1985
2017-06-30,34.2794
2017-07-03,34.1557
2017-07-05,34.2961
2017-07-06,33.9724
2017-07-07,34.3175
2017-07-10,34.527
2017-07-11,34.6389
2017-07-12,34.6888
2017-07-13,35.172
2017-07-14,35.4743
2017-07-17,35.5981
2017-07-18,35.7219
2017-07-19,35.9456
2017-07-20,35.7837
2017-07-21,35.7671
2017-07-24,36.2003
2017-07-25,36.355
2017-07-26,36.5263
2017-07-27,35.8361
2017-07-28,35.5838
2017-07-31,35.4005
2017-08-01,35.7147
2017-08-02,37.4022
2017-08-03,37.0286
2017-08-04,37.2237
2017-08-07,37.7997
2017-08-08,38.102
2017-08-09,38.3353
2017-08-10,37.1142
2017-08-11,37.6304
2017-08-14,38.1967
2017-08-15,38.6149
2017-08-16,38.4595
2017-08-17,37.7212
2017-08-18,37.6352
2017-08-21,37.5659
2017-08-22,38.18
2017-08-23,38.2278
2017-08-24,38.0581
2017-08-25,38.1991
2017-08-28,38.5838
2017-08-29,38.9279
2017-08-30,39.033
2017-08-31,39.1883
2017-09-01,39.2003
2017-09-05,38.7296
2017-09-06,38.6889
2017-09-07,38.5336
2017-09-08,37.9052
2017-09-11,38.591
2017-09-12,38.438
2017-09-13,38.1489
2017-09-14,37.8215
2017-09-15,38.2039
2017-09-18,37.9147
2017-09-19,37.9291
2017-09-20,37.2934
2017-09-21,36.653
2017-09-22,36.2946
2017-09-25,35.9744
2017-09-26,36.5933
2017-09-27,36.8538
2017-09-28,36.6268
2017-09-29,36.8275
2017-10-02,36.7534
2017-10-03,36.9135
2017-10-04,36.6746
2017-10-05,37.131
2017-10-06,37.1094
2017-10-09,37.2385
2017-10-10,37.2528
2017-10-11,37.4081
2017-10-12,37.2767
2017-10-13,37.5133
2017-10-16,38.2039
2017-10-17,38.3448
2017-10-18,38.1752
2017-10-19,37.2719
2017-10-20,37.3365
2017-10-23,37.3173
2017-10-24,37.5396
2017-10-25,37.3747
2017-10-26,37.6136
2017-10-27,38.9613
2017-10-30,39.8383
2017-10-31,40.3927
2017-11-01,39.8789
2017-11-02,40.1705
2017-11-03,41.2195
2017-11-06,41.6376
2017-11-07,41.7714
2017-11-08,42.1131
2017-11-09,42.0271
2017-11-10,41.888
2017-11-13,41.7202
2017-11-14,41.0895
2017-11-15,40.5475
2017-11-16,41.0319
2017-11-17,40.8041
2017-11-20,40.7633
2017-11-21,41.5211
2017-11-22,41.9576
2017-11-24,41.96
2017-11-27,41.7489
2017-11-28,41.5043
2017-11-29,40.6434
2017-11-30,41.2118
2017-12-01,41.0199
2017-12-04,40.7201
2017-12-05,40.6818
2017-12-06,40.5307
2017-12-07,40.605
2017-12-08,40.617
2017-12-11,41.4084
2017-12-12,41.1758
2017-12-13,41.3125
2017-12-14,41.3005
2017-12-15,41.7202
2017-12-18,42.3077
2017-12-19,41.8569
2017-12-20,41.8113
2017-12-21,41.9696
2017-12-22,41.9696
2017-12-26,40.9048
2017-12-27,40.912
2017-12-28,41.0271
2017-12-29,40.5834
2018-01-02,41.3101
2018-01-03,41.3029
2018-01-04,41.4947
2018-01-05,41.9672
2018-01-08,41.8113
2018-01-09,41.8065
2018-01-10,41.7969
2018-01-11,42.0343
2018-01-12,42.4684
2018-01-16,42.2525
2018-01-17,42.9504
2018-01-18,42.9888
2018-01-19,42.7969
2018-01-22,42.4468
2018-01-23,42.4564
2018-01-24,41.7801
2018-01-25,41.0343
2018-01-26,41.1302
2018-01-29,40.2789
2018-01-30,40.0415
2018-01-31,40.1518
2018-02-01,40.2357
2018-02-02,38.4899
2018-02-05,37.5282
2018-02-06,39.0966
2018-02-07,38.2597
2018-02-08,37.2069
2018-02-09,37.662
2018-02-12,39.179
2018-02-13,39.5714
2018-02-14,40.301
2018-02-15,41.6543
2018-02-16,41.5194
2018-02-20,41.3798
2018-02-21,41.192
2018-02-22,41.5363
2018-02-23,42.2587
2018-02-26,43.0942
2018-02-27,42.9546
2018-02-28,42.8895
2018-03-01,42.1383
2018-03-02,42.4296
2018-03-05,42.5765
2018-03-06,42.5404
2018-03-07,42.1455
2018-03-08,42.6054
2018-03-09,43.3374
2018-03-12,43.7564
2018-03-13,43.335
2018-03-14,42.9666
2018-03-15,43.0172
2018-03-16,42.8655
2018-03-19,42.2105
2018-03-20,42.1961
2018-03-21,41.2401
2018-03-22,40.6574
2018-03-23,39.7159
2018-03-26,41.6013
2018-03-27,40.5346
2018-03-28,40.0867
2018-03-29,40.3998
2018-04-02,40.1349
2018-04-03,40.5466
2018-04-04,41.322
2018-04-05,41.6085
2018-04-06,40.5442
2018-04-09,40.9464
2018-04-10,41.7169
2018-04-11,41.5218
2018-04-12,41.9312
2018-04-13,42.0733
2018-04-16,42.3357
2018-04-17,42.9184
2018-04-18,42.8221
2018-04-19,41.6085
2018-04-20,39.9037
2018-04-23,39.7882
2018-04-24,39.2343
2018-04-25,39.4053
2018-04-26,39.5426
2018-04-27,39.0851
2018-04-30,39.793
2018-05-01,40.7176
2018-05-02,42.5163
2018-05-03,42.5934
2018-05-04,44.2644
2018-05-07,44.5847
2018-05-08,44.799
2018-05-09,45.1144
2018-05-10,45.7598
2018-05-11,45.5857
2018-05-14,45.4794
2018-05-15,45.066
2018-05-16,45.4866
2018-05-17,45.199
2018-05-18,45.0346
2018-05-21,45.3537
2018-05-22,45.2401
2018-05-23,45.5301
2018-05-24,45.4794
2018-05-25,45.5833
2018-05-29,45.4189
2018-05-30,45.3222
2018-05-31,45.17
2018-06-01,45.9846
2018-06-04,46.3689
2018-06-05,46.7266
2018-06-06,46.8886
2018-06-07,46.7629
2018-06-08,46.3375
2018-06-11,46.2239
2018-06-12,46.4776
2018-06-13,46.0957
2018-06-14,46.1199
2018-06-15,45.6461
2018-06-18,45.622
2018-06-19,44.8847
2018-06-20,45.0805
2018-06-21,44.8291
2018-06-22,44.6986
2018-06-25,44.0339
2018-06-26,44.5802
2018-06-27,44.5149
2018-06-28,44.8388
2018-06-29,44.7445
2018-07-02,45.2449
2018-07-03,44.4569
2018-07-05,44.8146
2018-07-06,45.4358
2018-07-09,46.0667
2018-07-10,46.0111
2018-07-11,45.4141
2018-07-12,46.1755
2018-07-13,46.248
2018-07-16,46.1465
2018-07-17,46.277
2018-07-18,46.0232
2018-07-19,46.381
2018-07-20,46.2746
2018-07-23,46.3157
2018-07-24,46.6517
2018-07-25,47.0916
2018-07-26,46.9442
2018-07-27,46.1634
2018-07-30,45.9048
2018-07-31,45.9966
2018-08-01,48.7063
2018-08-02,50.13
2018-08-03,50.2751
2018-08-06,50.5361
2018-08-07,50.0623
2018-08-08,50.0962
2018-08-09,50.4902
2018-08-10,50.3398
2018-08-13,50.6648
2018-08-14,50.8783
2018-08-15,50.9972
2018-08-16,51.7443
2018-08-17,52.7776
2018-08-20,52.2633
2018-08-21,52.1615
2018-08-22,52.1639
2018-08-23,52.2706
2018-08-24,52.4331
2018-08-27,52.8649
2018-08-28,53.2918
2018-08-29,54.0874
2018-08-30,54.5847
2018-08-31,55.2154
2018-09-04,55.3925
2018-09-05,55.031
2018-09-06,54.1166
2018-09-07,53.6799
2018-09-10,52.9595
2018-09-11,54.2985
2018-09-12,53.6241
2018-09-13,54.9194
2018-09-14,54.296
2018-09-17,52.8504
2018-09-18,52.9377
2018-09-19,52.9692
2018-09-20,53.3719
2018-09-21,52.797
2018-09-24,53.5562
2018-09-25,53.8958
2018-09-26,53.4665
2018-09-27,54.5653
2018-09-28,54.7569
2018-10-01,55.1256
2018-10-02,55.6156
2018-10-03,56.2924
2018-10-04,55.3027
2018-10-05,54.4052
2018-10-08,54.2791
2018-10-09,55.031
2018-10-10,52.4817
2018-10-11,52.0184
2018-10-12,53.8764
2018-10-15,52.7242
2018-10-16,53.8861
2018-10-17,53.6532
2018-10-18,52.3992
2018-10-19,53.1972
2018-10-22,53.5223
2018-10-23,54.0268
2018-10-24,52.1736
2018-10-25,53.3161
2018-10-26,52.4671
2018-10-29,51.4823
2018-10-30,51.7394
2018-10-31,53.0881
2018-11-01,53.9031
2018-11-02,50.3277
2018-11-05,48.8989
2018-11-06,49.4277
2018-11-07,50.9268
2018-11-08,50.7491
2018-11-09,49.7706
2018-11-12,47.2634
2018-11-13,46.7912
2018-11-14,45.4695
2018-11-15,46.5916
2018-11-16,47.1077
2018-11-19,45.2407
2018-11-20,43.0792
2018-11-21,43.0305
2018-11-23,41.9376
2018-11-26,42.5047
2018-11-27,42.4122
2018-11-28,44.0431
2018-11-29,43.7048
2018-11-30,43.4686
2018-12-03,44.9875
2018-12-04,43.0086
2018-12-06,42.5291
2018-12-07,41.0126
2018-12-10,41.2828
2018-12-11,41.0467
2018-12-12,41.1611
2018-12-13,41.6114
2018-12-14,40.2799
2018-12-17,39.9051
2018-12-18,40.4235
2018-12-19,39.1627
2018-12-20,38.1744
2018-12-21,36.6896
2018-12-24,35.7403
2018-12-26,38.2572
2018-12-27,38.0089
2018-12-28,38.0284
2018-12-31,38.3959
2019-01-02,38.4397
2019-01-03,34.6109
2019-01-04,36.0884
2019-01-07,36.008
2019-01-08,36.6945
2019-01-09,37.3176
2019-01-10,37.4369
2019-01-11,37.0693
2019-01-14,36.5119
2019-01-15,37.2592
2019-01-16,37.7144
2019-01-17,37.9383
2019-01-18,38.172
2019-01-22,37.3152
2019-01-23,37.4661
2019-01-24,37.1691
2019-01-25,38.4008
2019-01-28,38.0454
2019-01-29,37.6511
2019-01-30,40.2239
2019-01-31,40.5136
2019-02-01,40.5331
2019-02-04,41.6844
2019-02-05,42.3976
2019-02-06,42.4122
2019-02-07,41.609
2019-02-08,41.6579
2019-02-11,41.4183
2019-02-12,41.7752
2019-02-13,41.6016
2019-02-14,41.7532
2019-02-15,41.6603
2019-02-19,41.785
2019-02-20,42.0539
2019-02-21,41.8168
2019-02-22,42.2837
2019-02-25,42.5917
2019-02-26,42.6161
2019-02-27,42.7481
2019-02-28,42.3277
2019-03-01,42.7726
2019-03-04,42.9877
2019-03-05,42.9095
2019-03-06,42.6626
2019-03-07,42.1688
2019-03-08,42.269
2019-03-11,43.7333
2019-03-12,44.2247
2019-03-13,44.4202
2019-03-14,44.914
2019-03-15,45.4983
2019-03-18,45.9627
2019-03-19,45.5985
2019-03-20,45.997
2019-03-21,47.6911
2019-03-22,46.7034
2019-03-25,46.1387
2019-03-26,45.6621
2019-03-27,46.0728
2019-03-28,46.1339
2019-03-29,46.4345
2019-04-01,46.7499
2019-04-02,47.4295
2019-04-03,47.7546
2019-04-04,47.8377
2019-04-05,48.158
2019-04-08,48.9158
2019-04-09,48.7691
2019-04-10,49.0429
2019-04-11,48.6347
2019-04-12,48.6151
2019-04-15,48.7031
2019-04-16,48.708
2019-04-17,49.6565
2019-04-18,49.8349
2019-04-22,49.9987
2019-04-23,50.7199
2019-04-24,50.6416
2019-04-25,50.1821
2019-04-26,49.9425
2019-04-29,50.0183
2019-04-30,49.0551
2019-05-01,51.463
2019-05-02,51.1281
2019-05-03,51.7637
2019-05-06,50.9643
2019-05-07,49.5905
2019-05-08,49.6003
2019-05-09,49.0673
2019-05-10,48.3876
2019-05-13,45.5753
2019-05-14,46.2968
2019-05-15,46.8514
2019-05-16,46.6453
2019-05-17,46.3802
2019-05-20,44.9299
2019-05-21,45.7913
2019-05-22,44.8539
2019-05-23,44.0882
2019-05-24,43.9189
2019-05-28,43.7373
2019-05-29,43.5287
2019-05-30,43.7545
2019-05-31,42.9618
2019-06-03,42.5275
2019-06-04,44.0833
2019-06-05,44.795
2019-06-06,45.4526
2019-06-07,46.6624
2019-06-10,47.2588
2019-06-11,47.806
2019-06-12,47.6538
2019-06-13,47.644
2019-06-14,47.298
2019-06-17,47.5802
2019-06-18,48.6992
2019-06-19,48.5569
2019-06-20,48.9471
2019-06-21,48.7802
2019-06-24,48.7311
2019-06-25,47.9925
2019-06-26,49.0305
2019-06-27,49.0158
2019-06-28,48.5692
2019-07-01,49.46
2019-07-02,49.7495
2019-07-03,50.1618
2019-07-05,50.1176
2019-07-08,49.0845
2019-07-09,49.3839
2019-07-10,49.8722
2019-07-11,49.5091
2019-07-12,49.8894
2019-07-15,50.3581
2019-07-16,50.1839
2019-07-17,49.9017
2019-07-18,50.4686
2019-07-19,49.7152
2019-07-22,50.8514
2019-07-23,51.2489
2019-07-24,51.2072
2019-07-25,50.8023
2019-07-26,50.979
2019-07-29,51.4551
2019-07-30,51.2342
2019-07-31,52.2796
2019-08-01,51.1483
2019-08-02,50.0661
2019-08-05,47.4453
2019-08-06,48.3434
2019-08-07,48.844
2019-08-08,49.9213
2019-08-09,49.51
2019-08-12,49.3843
2019-08-13,51.4757
2019-08-14,49.9435
2019-08-15,49.6947
2019-08-16,50.8672
2019-08-19,51.8156
2019-08-20,51.8181
2019-08-21,52.3797
2019-08-22,52.3354
2019-08-23,49.9164
2019-08-26,50.8648
2019-08-27,50.2908
2019-08-28,50.6283
2019-08-29,51.4855
2019-08-30,51.419
2019-09-03,50.6702
2019-09-04,51.5299
2019-09-05,52.5374
2019-09-06,52.5324
2019-09-09,52.7566
2019-09-10,53.3798
2019-09-11,55.077
2019-09-12,54.9538
2019-09-13,53.8848
2019-09-16,54.1681
2019-09-17,54.3651
2019-09-18,54.875
2019-09-19,54.4292
2019-09-20,53.6335
2019-09-23,53.8774
2019-09-24,53.6212
2019-09-25,54.4464
2019-09-26,54.1656
2019-09-27,53.902
2019-09-30,55.1706
2019-10-01,55.3234
2019-10-02,53.9365
2019-10-03,54.3947
2019-10-04,55.9195
2019-10-07,55.9318
2019-10-08,55.2766
2019-10-09,55.9244
2019-10-10,56.6782
2019-10-11,58.1857
2019-10-14,58.102
2019-10-15,57.9665
2019-10-16,57.7325
2019-10-17,57.9566
2019-10-18,58.235
2019-10-21,59.2449
2019-10-22,59.1095
2019-10-23,59.9026
2019-10-24,60.0012
2019-10-25,60.7402
2019-10-28,61.3486
2019-10-29,59.9297
2019-10-30,59.9223
2019-10-31,61.2772
2019-11-01,63.0163
2019-11-04,63.4301
2019-11-05,63.3389
2019-11-06,63.366
2019-11-07,64.0974
2019-11-08,64.2728
2019-11-11,64.7818
2019-11-12,64.7224
2019-11-13,65.3426
2019-11-14,64.8905
2019-11-15,65.6613
2019-11-18,65.9924
2019-11-19,65.7923
2019-11-20,65.0263
2019-11-21,64.7348
2019-11-22,64.678
2019-11-25,65.812
2019-11-26,65.2981
2019-11-27,66.1752
2019-11-29,66.0294
2019-12-02,65.266
2019-12-03,64.1023
2019-12-04,64.6681
2019-12-05,65.6168
2019-12-06,66.8843
2019-12-09,65.9479
2019-12-10,66.3334
2019-12-11,66.8991
2019-12-12,67.0696
2019-12-13,67.9813
2019-12-16,69.145
2019-12-17,69.2809
2019-12-18,69.1153
2019-12-19,69.1845
2019-12-20,69.0412
2019-12-23,70.1679
2019-12-24,70.2346
2019-12-26,71.6281
2019-12-27,71.6009
2019-12-30,72.0258
2019-12-31,72.5521
2020-01-02,74.2075
2020-01-03,73.486
2020-01-06,74.0716
2020-01-07,73.7232
2020-01-08,74.9091
2020-01-09,76.5003
2020-01-10,76.6732
2020-01-13,78.3113
2020-01-14,77.2538
2020-01-15,76.9228
2020-01-16,77.8863
2020-01-17,78.7486
2020-01-21,78.215
2020-01-22,78.4941
2020-01-23,78.8722
2020-01-24,78.6449
2020-01-27,76.3323
2020-01-28,78.4917
2020-01-29,80.1347
2020-01-30,80.0186
2020-01-31,76.4706
2020-02-03,76.2606
2020-02-04,78.7783
2020-02-05,79.4206
2020-02-06,80.3496
2020-02-07,79.2575
2020-02-10,79.6339
2020-02-11,79.1534
2020-02-12,81.0332
2020-02-13,80.4561
2020-02-14,80.4759
2020-02-18,79.0024
2020-02-19,80.1465
2020-02-20,79.3243
2020-02-21,77.5288
2020-02-24,73.8462
2020-02-25,71.3448
2020-02-26,72.4766
2020-02-27,67.739
2020-02-28,67.6993
2020-03-02,74.0022
2020-03-03,71.6519
2020-03-04,74.9755
2020-03-05,72.5435
2020-03-06,71.5801
2020-03-09,65.9187
2020-03-10,70.6663
2020-03-11,68.212
2020-03-12,61.4757
2020-03-13,68.841
2020-03-16,59.9848
2020-03-17,62.6224
2020-03-18,61.0894
2020-03-19,60.6213
2020-03-20,56.7727
2020-03-23,55.5667
2020-03-24,61.1414
2020-03-25,60.8046
2020-03-26,64.0043
2020-03-27,61.3544
2020-03-30,63.1053
2020-03-31,62.9765
2020-04-01,59.6629
2020-04-02,60.6585
2020-04-03,59.7867
2020-04-06,65.0024
2020-04-07,64.2495
2020-04-08,65.8939
2020-04-09,66.3694
2020-04-13,67.6721
2020-04-14,71.0897
2020-04-15,70.4409
2020-04-16,71.0006
2020-04-17,70.0372
2020-04-20,68.5835
2020-04-21,66.4635
2020-04-22,68.3779
2020-04-23,68.1129
2020-04-24,70.0793
2020-04-27,70.1289
2020-04-28,68.9921
2020-04-29,71.2582
2020-04-30,72.7614
2020-05-01,71.59
2020-05-04,72.6029
2020-05-05,73.6926
2020-05-06,74.4529
2020-05-07,75.2231
2020-05-08,77.0136
2020-05-11,78.2254
2020-05-12,77.3314
2020-05-13,76.3977
2020-05-14,76.8671
2020-05-15,76.4126
2020-05-18,78.213
2020-05-19,77.761
2020-05-20,79.2734
2020-05-21,78.6823
2020-05-22,79.1889
2020-05-26,78.6525
2020-05-27,78.9952
2020-05-28,79.03
2020-05-29,78.953
2020-06-01,79.924
2020-06-02,80.294
2020-06-03,80.736
2020-06-04,80.0407
2020-06-05,82.3203
2020-06-08,82.807
2020-06-09,85.4219
2020-06-10,87.6196
2020-06-11,83.413
2020-06-12,84.1331
2020-06-15,85.1736
2020-06-16,87.4309
2020-06-17,87.3092
2020-06-18,87.344
2020-06-19,86.8448
2020-06-22,89.117
2020-06-23,91.0192
2020-06-24,89.4125
2020-06-25,90.5995
2020-06-26,87.8158
2020-06-29,89.8397
2020-06-30,90.5896
2020-07-01,90.4183
2020-07-02,90.4183
2020-07-06,92.837
2020-07-07,92.5489
2020-07-08,94.7044
2020-07-09,95.1116
2020-07-10,95.278
2020-07-13,94.8385
2020-07-14,96.4079
2020-07-15,97.0709
2020-07-16,95.8765
2020-07-17,95.6828
2020-07-20,97.6992
2020-07-21,96.3508
2020-07-22,96.6215
2020-07-23,92.2236
2020-07-24,91.9951
2020-07-27,94.1754
2020-07-28,92.6284
2020-07-29,94.4039
2020-07-30,95.5462
2020-07-31,105.5488
2020-08-03,108.2084
2020-08-04,108.931
2020-08-05,109.3259
2020-08-06,113.1402
2020-08-07,110.5678
2020-08-10,112.1749
2020-08-11,108.8388
2020-08-12,112.456
2020-08-13,114.4462
2020-08-14,114.3442
2020-08-17,114.0457
2020-08-18,114.996
2020-08-19,115.1403
2020-08-20,117.6952
2020-08-21,123.7603
2020-08-24,125.2405
2020-08-25,124.2131
2020-08-26,125.9023
2020-08-27,124.3972
2020-08-28,124.1957
2020-08-31,128.4074
2020-09-01,133.5222
2020-09-02,130.7559
2020-09-03,120.2874
2020-09-04,120.3671
2020-09-08,112.267
2020-09-09,116.7449
2020-09-10,112.9337
2020-09-11,111.451
2020-09-14,114.7945
2020-09-15,114.9736
2020-09-16,111.5803
2020-09-17,109.7991
2020-09-18,106.3163
2020-09-21,109.5404
2020-09-22,111.2619
2020-09-23,106.5949
2020-09-24,107.6895
2020-09-25,111.7296
2020-09-28,114.3965
2020-09-29,113.5307
2020-09-30,115.2423
2020-10-01,116.2175
2020-10-02,112.466
2020-10-05,115.9289
2020-10-06,112.6053
2020-10-07,114.5159
2020-10-08,114.4064
2020-10-09,116.3966
2020-10-12,123.7902
2020-10-13,120.5064
2020-10-14,120.5959
2020-10-15,120.1183
2020-10-16,118.4366
2020-10-19,115.4115
2020-10-20,116.934
2020-10-21,116.2971
2020-10-22,115.1826
2020-10-23,114.4761
2020-10-26,114.486
2020-10-27,116.0284
2020-10-28,110.6549
2020-10-29,114.7547
2020-10-30,108.3264
2020-11-02,108.2368
2020-11-03,109.8986
2020-11-04,114.3865
2020-11-05,118.4465
2020-11-06,118.312
2020-11-09,115.9495
2020-11-10,115.6006
2020-11-11,119.1094
2020-11-12,118.8303
2020-11-13,118.8801
2020-11-16,119.9168
2020-11-17,119.0097
2020-11-18,117.654
2020-11-19,118.2621
2020-11-20,116.9662
2020-11-23,113.4874
2020-11-24,114.8032
2020-11-25,115.6604
2020-11-27,116.2186
2020-11-30,118.6708
2020-12-01,122.3291
2020-12-02,122.688
2020-12-03,122.5484
2020-12-04,121.8606
2020-12-07,123.3558
2020-12-08,123.9838
2020-12-09,121.3921
2020-12-10,122.8475
2020-12-11,122.0201
2020-12-14,121.3921
2020-12-15,127.4727
2020-12-16,127.4029
2020-12-17,128.2901
2020-12-18,126.2566
2020-12-21,127.8215
2020-12-22,131.4599
2020-12-23,130.5429
2020-12-24,131.5496
2020-12-28,136.2546
2020-12-29,134.4404
2020-12-30,133.2941
2020-12-31,132.2673
2021-01-04,128.9978
2021-01-05,130.5927
2021-01-06,126.1967
2021-01-07,130.503
2021-01-08,131.6294
2021-01-11,128.5692
2021-01-12,128.3897
2021-01-13,130.4731
2021-01-14,128.4994
2021-01-15,126.735
2021-01-19,127.4228
2021-01-20,131.6095
2021-01-21,136.434
2021-01-22,138.627
2021-01-25,142.4648
2021-01-26,142.704
2021-01-27,141.6075
2021-01-28,136.6533
2021-01-29,131.5397
2021-02-01,133.7127
2021-02-02,134.56
2021-02-03,133.5134
2021-02-04,136.9524
2021-02-05,136.5281
2021-02-08,136.6778
2021-02-09,135.7794
2021-02-10,135.1604
2021-02-11,134.9009
2021-02-12,135.1404
2021-02-16,132.9642
2021-02-17,130.6181
2021-02-18,129.4901
2021-02-19,129.6498
2021-02-22,125.7863
2021-02-23,125.6466
2021-02-24,125.1374
2021-02-25,120.7848
2021-02-26,121.0544
2021-03-01,127.5733
2021-03-02,124.9078
2021-03-03,121.853
2021-03-04,119.9263
2021-03-05,121.2141
2021-03-08,116.1627
2021-03-09,120.8847
2021-03-10,119.7766
2021-03-11,121.7532
2021-03-12,120.8248
2021-03-15,123.7797
2021-03-16,125.3571
2021-03-17,124.5484
2021-03-18,120.3256
2021-03-19,119.7865
2021-03-22,123.1808
2021-03-23,122.3322
2021-03-24,119.8864
2021-03-25,120.3855
2021-03-26,121.0045
2021-03-29,121.1842
2021-03-30,119.6967
2021-03-31,121.9429
2021-04-01,122.7914
2021-04-05,125.6865
2021-04-06,125.996
2021-04-07,127.6831
2021-04-08,130.1389
2021-04-09,132.7745
2021-04-12,131.0175
2021-04-13,134.202
2021-04-14,131.8061
2021-04-15,134.2719
2021-04-16,133.9325
2021-04-19,134.6113
2021-04-20,132.8843
2021-04-21,133.2736
2021-04-22,131.7163
2021-04-23,134.0922
2021-04-26,134.4916
2021-04-27,134.1621
2021-04-28,133.3535
2021-04-29,133.2537
2021-04-30,131.2371
2021-05-03,132.3152
2021-05-04,127.6332
2021-05-05,127.8828
2021-05-06,129.52
2021-05-07,130.21
2021-05-10,126.85
2021-05-11,125.91
2021-05-12,122.77
2021-05-13,124.97
2021-05-14,127.45
2021-05-17,126.27
2021-05-18,124.85
2021-05-19,124.69
2021-05-20,127.31
2021-05-21,125.43
2021-05-24,127.1
2021-05-25,126.9
2021-05-26,126.85
2021-05-27,125.28
2021-05-28,124.61
2021-06-01,124.28
2021-06-02,125.06
2021-06-03,123.54
2021-06-04,125.89
2021-06-07,125.9
2021-06-08,126.74
2021-06-09,127.13
2021-06-10,126.11
2021-06-11,127.35
2021-06-14,130.48
2021-06-15,129.64
2021-06-16,130.15
2021-06-17,131.79
2021-06-18,130.46
